"month","year","lake","air_temp_min","windspeed_min","air_temp_mean","windspeed_mean","air_temp_max","windspeed_max","rain_sum"
1,1980,"okaro",12.0386,0.598546709399392,16.5169032258065,2.15121379995004,20.7957,4.23112551215395,240.0631699
1,1981,"okaro",14.4791,0.0580752898630734,17.684564516129,1.74486477344647,20.6166,4.39227694729055,189.403417431
1,1982,"okaro",12.8474,0.389392921123381,16.2189806451613,2.36743495037481,18.8983,4.2083434043457,99.61931693
1,1983,"okaro",11.1863,1.02377162667511,14.5483838709677,3.03078411918435,21.2395,4.63224809712476,86.24164044
1,1984,"okaro",11.0575,0.487257995189407,15.1463903225806,2.06194606818514,18.3471,3.28374257690824,132.13696489
1,1985,"okaro",15.1082,0.253949265161863,17.0762225806452,1.98185038527624,18.8858,3.7991327891507,215.19639462
1,1986,"okaro",13.0567,0.263717940627861,17.3420838709677,2.00671116349469,20.8256,5.03844490501782,420.32494206
1,1987,"okaro",12.9415,0.657793817540116,17.0589064516129,2.35833851868517,19.922,4.10732889484151,200.93682804
1,1988,"okaro",11.8304,0.428915803001988,16.9247612903226,2.22199025526804,20.3955,4.41174393345761,29.313378
1,1989,"okaro",14.0347,0.343131734488374,16.6175903225806,2.19335786375644,18.9765,4.14811311303103,315.18514506
1,1990,"okaro",13.7287,0.143375151521315,16.7428064516129,2.0126532258668,19.6652,5.10601460687296,150.4743059
1,1991,"okaro",13.0127,0.243748120586088,16.4958548387097,2.60878466287051,19.3643,4.58920760358921,157.59785434
1,1992,"okaro",11.4578,0.295345382301874,15.9719516129032,1.82818600102065,18.5105,4.28007032227275,132.9098112
1,1993,"okaro",12.038,0.816611361840141,15.4102935483871,2.75132335101939,18.2015,4.47178297362473,59.55526398
1,1994,"okaro",11.418,0.945405217219838,16.9365806451613,2.14157064357258,21.0389,4.19916890372369,93.5885869
1,1995,"okaro",12.8417,0.432638643054455,16.0496967741935,1.80966807360715,17.5259,3.29808729206793,137.473868
1,1996,"okaro",12.39,0.611795107330878,16.9207612903226,1.98987304662794,18.467,4.94809946791695,135.5344914
1,1997,"okaro",10.182,0.156570842514946,14.6560903225806,2.39259336504183,18.8776,4.23989724848374,85.670039856
1,1998,"okaro",11.6015,0.480343602050917,17.0900806451613,2.54180154783042,21.4366,4.99120859912707,41.89258292
1,1999,"okaro",15.6361,0.39534360654499,18.1920129032258,1.88119549122888,21.6305,4.69233574472245,128.28776717
1,2000,"okaro",11.9898,0.274477559594587,15.4989774193548,1.8776038726625,18.6269,3.99074680402415,137.2392125
1,2001,"okaro",13.0146,0.280134419928291,15.6135451612903,2.17975546364214,18.7902,4.40612449613036,85.15950603
1,2002,"okaro",13.2017,0.0951738833538382,16.1752548387097,1.63864136529699,17.9073,4.70511872222168,200.43745811
1,2003,"okaro",11.4844,0.670961159058406,15.6951451612903,2.43329566824577,18.0776,4.39670457265621,125.94682412
1,2004,"okaro",11.5258,0.343987328145965,17.6526096774194,1.55199008654654,20.1891,3.2572968965693,221.5520933
1,2005,"okaro",13.2527,0.373001918371742,16.2806193548387,1.93914019471346,19.3162,3.44082073555075,70.68840557
1,2006,"okaro",12.3046,0.820940313212842,16.7322967741935,2.26677895075125,20.3107,4.68821337638338,298.88161637
1,2007,"okaro",10.6332,0.442836778004041,16.3483709677419,2.04620935012553,19.7344,4.29634768232274,155.03821102
1,2008,"okaro",14.9889,0.534759702445874,17.8952096774194,1.92378489277762,20.3139,4.69589887508238,65.57202294
1,2009,"okaro",14.3457,0.232721262296766,17.7247161290323,1.8392711894255,20.0859,4.09444214633691,38.19878263
1,2010,"okaro",13.0973,0.41161312955857,16.1580193548387,2.04488010545751,18.5306,3.62896153879536,328.66382901
1,2011,"okaro",14.4718,0.657866705590122,17.3204129032258,2.21356631243934,20.3773,4.40374898624853,436.8005551
1,2012,"okaro",12.5114,0.564288285357759,15.5700580645161,2.31871223994788,17.9616,4.04756076166869,188.246323
1,2013,"okaro",12.9829,0.303103663503099,16.8777516129032,2.36036561452696,19.7739,4.49712141923031,36.86502467
1,2014,"okaro",13.305,0.432222623738693,15.4948322580645,2.50900193877696,18.6639,4.72866043779843,112.62609023
1,2015,"okaro",16.2729,0.271201185109874,18.4594193548387,1.49645449420085,19.7823,2.65799853630678,52.65381788
1,2016,"okaro",13.2597,0.657628192426389,17.5616806451613,1.93311732519541,20.4241,3.81071767053137,234.3553549
1,2017,"okaro",13.2629,0.512909934507024,15.9009451612903,2.78130027754933,19.0194,4.53811203018392,59.6955390200001
1,2018,"okaro",13.8818,0.365026333113106,18.5419935483871,2.02423859514072,20.7116,4.96165968217289,368.039301
1,2019,"okaro",14.498,0.424482319982823,18.5781064516129,2.25590016051866,22.4033,4.9182496888629,77.78153055
1,2020,"okaro",12.9924,0.631599219636155,17.4222064516129,2.44125371588275,21.9113,5.67791723900587,36.01802969
1,2021,"okaro",12.2386,0.179921911420176,16.9608129032258,1.92270297381577,20.9646,4.03316786674789,131.98182531
1,2022,"okaro",16.2151,0.365088775451944,18.7219451612903,1.86098131984716,22.0886,3.15407254101741,50.124931014
1,2023,"okaro",14.3801,0.77111521182311,16.2263709677419,2.64783502600516,18.4478,4.9896622827001,479.94392
2,1980,"okaro",13.3602,0.183248632346875,16.3821827586207,2.22019100541102,20.3978,3.94303975610049,90.961992
2,1981,"okaro",14.9562,0.694909462088408,16.6789428571429,2.10681927481411,20.2128,4.64616769729634,100.1814627
2,1982,"okaro",13.4831,0.663589593412743,17.0382642857143,2.15687871092847,19.4024,3.92050128894571,247.89528399
2,1983,"okaro",12.0271,0.205313707934955,15.4309,2.06762504934896,17.7369,4.95175339435396,89.08281412
2,1984,"okaro",12.2681,0.599935172085285,15.5107862068966,1.76907470170774,18.6969,3.54023259700652,206.97015831
2,1985,"okaro",14.1091,0.287970252923805,15.9767964285714,1.89499728051852,19.2816,3.7755572707848,166.79057217
2,1986,"okaro",14.9275,0.350834470787877,17.0090142857143,1.80680393198865,19.763,3.67254593178642,163.80752499
2,1987,"okaro",12.1488,0.209078749317691,15.6955857142857,1.97548897187139,18.3637,3.63448302911157,66.2441808
2,1988,"okaro",11.6368,0.81909262547895,16.4605,2.66861726425299,19.186,4.47998738993415,244.6549904
2,1989,"okaro",13.4483,0.424381105076557,15.5285964285714,2.05541938887396,17.8231,3.77771627758637,158.47480025
2,1990,"okaro",13.3483,0.534811057893346,18.4663214285714,1.60337736790582,21.989,4.64394842689925,75.4824275
2,1991,"okaro",11.43,0.302726358536881,16.6195607142857,1.82316451242728,20.0436,3.63174468162342,241.51414924
2,1992,"okaro",10.8249,0.177457645301632,15.6631965517241,2.2974686733623,19.4974,4.13294777297028,85.47926188
2,1993,"okaro",11.6507,0.270677953732845,15.4278892857143,2.06717397305625,17.8894,3.88186702709972,104.90407025
2,1994,"okaro",14.1075,0.322351479767598,16.7948428571429,1.53362901705199,18.7448,2.98798466394993,119.59297565
2,1995,"okaro",14.8645,0.0352392811454774,16.5811428571429,1.81013124076368,18.293,3.67147469108804,221.24494849
2,1996,"okaro",12.5865,0.31258209202224,16.9538793103448,1.9567845954021,20.5996,3.71692389529299,166.30546108
2,1997,"okaro",14.3572,0.268400913365734,16.6509821428571,1.79791809492962,20.3277,3.86822721481249,119.24183516
2,1998,"okaro",13.19,0.500484928349496,18.9640107142857,1.8942233656934,22.6092,3.31843835689319,161.3306483
2,1999,"okaro",14.0563,0.592793454896391,16.7041071428571,1.79174974023807,18.347,3.88768455021752,20.84502488
2,2000,"okaro",13.4175,0.293566141857333,16.7572896551724,1.78232745681367,18.9443,2.91483653541669,30.226592
2,2001,"okaro",13.531,0.327263616059348,17.3002892857143,1.60033191706389,19.8195,3.96206794970758,370.48832269
2,2002,"okaro",13.0335,0.187217762039316,15.3819464285714,2.14243559653824,18.5389,3.98043561037093,79.30128253
2,2003,"okaro",12.4177,0.3123277265913,16.5464285714286,1.89396819956009,19.1012,4.41764735853825,94.22499239
2,2004,"okaro",12.4618,0.521885244467594,15.101424137931,2.73543844883306,18.2808,5.3752306651901,349.229458
2,2005,"okaro",14.803,0.114730329538444,17.5671642857143,1.74856004604822,20.7458,3.34328348322558,81.82006276
2,2006,"okaro",13.2795,0.420366675754632,16.586875,1.76185770722158,19.1975,3.71368967343799,161.57900157
2,2007,"okaro",14.4804,0.311087861667729,16.6378857142857,1.49076127257349,19.2841,3.09223941282948,65.63774913
2,2008,"okaro",13.4164,0.0609214641375271,16.4633862068966,2.25034638593896,19.7075,5.25432702165558,101.32568392
2,2009,"okaro",14.1011,0.245167706543011,17.791575,1.7653148663692,22.0305,3.56117358379804,278.86158651
2,2010,"okaro",15.9786,0.564607963037186,17.5114857142857,1.55088376313716,19.202,3.62460398056408,60.27729473
2,2011,"okaro",15.6136,0.539064992423919,18.2707892857143,1.78059930042092,21.2059,3.91739177245524,55.2821258
2,2012,"okaro",11.4673,0.628302929250692,15.3371448275862,1.72881371264858,17.6445,3.99875616887302,256.74668341
2,2013,"okaro",13.7203,0.160955702575243,17.1008607142857,1.6019287346698,19.0242,3.23062307057075,56.93914313
2,2014,"okaro",14.1591,0.107814015875905,16.6526607142857,1.88068179624679,19.1275,3.77121929953815,53.02243898
2,2015,"okaro",14.5522,0.313269126078477,16.6618857142857,1.82408915187081,18.8885,4.47542473855834,73.66080084
2,2016,"okaro",15.5701,0.700934522802951,18.0978517241379,1.94067597593617,21.0607,4.28803192795949,205.59918505
2,2017,"okaro",13.9844,0.411789495889587,17.7020035714286,1.75008380258049,21.1117,3.90148680152836,218.16776375
2,2018,"okaro",14.5177,0.0713187091787982,17.4065928571429,1.89477514965057,20.2889,3.90402542144848,358.59287385
2,2019,"okaro",12.8041,0.470482965141141,17.7747357142857,1.77131515192467,21.1396,4.35287459219767,40.58991898
2,2020,"okaro",14.5181,0.30036730729059,18.6538586206897,1.70941059473674,21.8903,3.68166561334676,59.2837689
2,2021,"okaro",13.9672,0.152347893768047,16.7488285714286,1.7809500270022,18.3894,4.37792448473018,84.4105901
2,2022,"okaro",14.4832,0.453794468966954,17.5703321428571,2.02850785061433,21.5711,3.49135636130144,206.54364072
2,2023,"okaro",12.4208,0.26746732656362,16.2149678571429,2.24344516747127,19.65,6.24248407456519,406.1861241
3,1980,"okaro",9.86119,0.800844062069514,13.6647383870968,2.39713681251721,15.8362,4.86891613443126,190.88054
3,1981,"okaro",11.0652,0.265522093055569,15.9251774193548,1.8303385330781,19.6189,3.64128300918783,147.71725192
3,1982,"okaro",10.941,0.252579431577474,14.1847838709677,1.56653845758931,18.103,3.46544141422128,167.942869
3,1983,"okaro",10.741,0.42521327474692,15.3877870967742,2.09663857677452,18.6949,4.33586984271161,63.15548725
3,1984,"okaro",12.8644,0.511924908751274,15.1928806451613,2.00392657879612,17.3637,4.70980566403753,359.859402
3,1985,"okaro",10.7199,0.211426821763465,14.4919935483871,2.15327447572946,16.9541,4.36685832298232,109.38881295
3,1986,"okaro",10.386,0.363584376853572,14.4399838709677,1.72370381006025,17.4454,3.71552080942901,157.93763448
3,1987,"okaro",10.248,0.416814083318942,13.3463096774194,2.05891111607188,15.7281,4.59056648689255,402.1485086
3,1988,"okaro",10.7049,0.338438646104431,14.0499032258065,2.25427617712125,17.1494,6.65766786056499,266.22494398
3,1989,"okaro",11.6559,0.134725779962151,15.4496419354839,1.8830127311137,17.9757,4.34263387970941,52.95976691
3,1990,"okaro",10.794,0.878010741826226,16.3287483870968,2.16368180366777,20.2779,4.7281207592129,132.71205025
3,1991,"okaro",12.2075,0.111422483324731,14.1324838709677,1.87328434656532,15.788,3.66495625017544,74.239231
3,1992,"okaro",9.88324,0.449264476078401,13.1653625806452,2.46742352205262,17.8021,5.13565637391259,67.9036011
3,1993,"okaro",9.06694,0.203103019000309,13.3190625806452,2.05160143336385,16.4343,4.10739526251127,171.32947811
3,1994,"okaro",10.5999,0.406254150010803,13.6161193548387,2.03669424996772,16.434,3.53462163293329,99.09552995
3,1995,"okaro",11.0498,0.422368503419703,15.2864,1.92599287468822,17.5284,4.39508059845323,193.76191909
3,1996,"okaro",9.62076,0.49675359351896,13.7901212903226,2.30498339887338,17.3923,5.5051802025802,120.09799259
3,1997,"okaro",11.2032,0.717212874119923,14.1643161290323,2.30954886522793,19.4914,6.00961955119457,252.20871841
3,1998,"okaro",12.7953,0.57185242667405,16.4003838709677,2.12321826777543,18.1513,4.27501141318944,139.22936047
3,1999,"okaro",14.897,0.339030953768236,16.4018580645161,1.76983227531262,17.6746,3.51928060269425,130.05303696
3,2000,"okaro",10.7137,0.0909446960129616,14.7477387096774,1.80936772599655,18.807,4.1100592665284,108.15226868
3,2001,"okaro",11.3291,0.248303734021138,14.0946387096774,1.55370013718378,16.5654,3.51921197946714,108.52371269
3,2002,"okaro",9.0565,0.219535919181714,15.1231741935484,2.00594985024613,17.5838,3.87367716098748,79.45067257
3,2003,"okaro",13.2518,0.288937741913043,15.2443903225806,1.63889757355337,18.1748,4.01816167286733,181.2109836
3,2004,"okaro",10.1122,0.392419024208817,13.4446387096774,1.87139156365868,16.3837,3.83599095417338,41.45575188
3,2005,"okaro",13.257,0.369013056394228,15.6359935483871,1.80038824415124,17.4961,3.36156737033486,225.39340149
3,2006,"okaro",10.9745,0.319098722136269,14.050064516129,2.154907315095,16.3481,4.32922534267968,202.7530145
3,2007,"okaro",11.0028,0.359416108193331,15.6219548387097,2.11010732710105,18.0514,4.54243189572502,210.53400331
3,2008,"okaro",13.6791,0.283067361366089,15.9329483870968,1.76288426835656,17.7478,3.97087728121885,97.30996294
3,2009,"okaro",10.8551,0.408551671624594,13.8542161290323,2.11511089950793,17.4886,4.50416448173243,67.25540655
3,2010,"okaro",11.4082,0.442759650849081,14.9553451612903,2.37464934680648,17.7113,3.85387298690551,45.22548587
3,2011,"okaro",11.2361,0.0416332814475391,15.0003548387097,1.81177885469849,18.1576,3.46813028680815,260.78484472
3,2012,"okaro",11.5534,0.286492625947754,13.7393451612903,2.16146012261841,16.6816,5.56705993196588,201.09046508
3,2013,"okaro",13.2204,0.0628370681380027,16.3893677419355,1.45734809849409,19.8872,3.20247292947185,71.96772366
3,2014,"okaro",11.8411,0.287325058051051,15.1390032258065,1.84378231765898,17.0887,4.49160525589471,98.57160062
3,2015,"okaro",11.6214,0.327606232083579,15.2681838709677,1.63382585418979,18.2927,4.42318417220909,135.28873832
3,2016,"okaro",12.8833,0.545924212045042,16.0813387096774,1.96024303826993,18.6492,4.86474126958464,181.18046194
3,2017,"okaro",11.4277,0.193825597690295,15.8424548387097,1.91802315375493,18.2218,4.30516612144061,406.69714796
3,2018,"okaro",13.7445,0.390424377561699,15.792964516129,1.85840585029853,19.2844,4.14010942302254,172.36128458
3,2019,"okaro",13.3481,0.362015319579158,16.9185419354839,1.49738256847528,19.5517,2.84304056742073,120.6457756
3,2020,"okaro",11.8669,0.120203431582672,14.6897870967742,1.79813225797318,18.4898,4.89417461405904,100.93089203
3,2021,"okaro",11.9455,0.539961089632392,14.5578322580645,1.86037258348403,16.9887,3.93886190939718,170.90001709
3,2022,"okaro",13.3948,0.560355022949737,15.6600709677419,2.2129089429116,18.2373,4.01445061971125,220.84520406
3,2023,"okaro",10.1529,0.154044361297128,14.5854580645161,1.79786554846745,17.7643,3.46645579479964,101.48211657
4,1980,"okaro",9.39519,0.28274956656377,11.3956146666667,1.61553778518013,14.7384,4.37273488936203,193.33549729
4,1981,"okaro",10.6816,0.0607377530807652,13.2799933333333,1.89236209002857,15.852,5.11959657700683,199.27814355
4,1982,"okaro",8.50569,0.206696817907896,10.684185,1.85559293673148,14.2403,4.98230216917842,169.33024527
4,1983,"okaro",7.95361,0.302902446159737,12.412242,2.03216094994262,15.8071,3.59260514887178,215.1778019
4,1984,"okaro",7.18021,0.29596398076043,12.0307073333333,1.93199574996859,15.7971,5.2946557082953,63.40599919
4,1985,"okaro",8.66621,0.356379043427205,11.3526843333333,2.0557746812321,15.8033,4.45245489042843,207.54869972
4,1986,"okaro",10.4106,0.322359651878783,12.5659333333333,1.9012790304336,15.0155,4.20987139653933,115.70163868
4,1987,"okaro",7.3947,0.288575135001268,11.8655916666667,2.48749517953532,14.9094,4.77056473491347,128.37031518
4,1988,"okaro",8.01312,0.0844950220134299,11.396978,1.74414687225968,14.4616,3.69726187518547,31.31793005
4,1989,"okaro",10.2922,0.134254562175741,12.7875333333333,1.94939108876299,15.6312,3.8967067724041,117.91212779
4,1990,"okaro",8.35199,0.367373948885873,13.578273,2.08442414975469,15.7621,4.64432660016498,153.3736489
4,1991,"okaro",7.18478,0.0565762941887324,11.095029,2.26925525641649,15.9082,3.75967518188527,265.32047698
4,1992,"okaro",7.33562,0.271413685082385,10.0967106666667,1.66940316995302,13.8602,3.48196935381703,90.61010597
4,1993,"okaro",7.16254,0.703439396629162,10.646123,1.96244776884977,14.203,3.35690587239202,133.264039511
4,1994,"okaro",6.82545,0.490316467240536,11.8318593333333,1.73333898643452,15.611,3.78069220902324,146.7328467
4,1995,"okaro",7.94173,0.319628157309146,14.0534773333333,1.95862145733903,16.9936,3.96088711194853,318.814596
4,1996,"okaro",9.57259,0.52078685970558,13.2243956666667,1.88705712019777,16.3821,3.6997246984742,198.32361918
4,1997,"okaro",7.34182,0.416190451266004,11.115478,2.02492387238912,16.1874,3.39101765290436,111.69770759
4,1998,"okaro",11.2111,0.279989621925528,13.81507,1.7409874420019,16.8653,3.6659517158562,88.46481113
4,1999,"okaro",8.02949,0.2176607452824,12.6182906666667,2.02342623114493,17.8185,4.02391479444036,164.24632637
4,2000,"okaro",8.91734,0.290424010166171,12.5594056666667,1.84953776082677,16.12,3.70751451169109,195.93740779
4,2001,"okaro",8.38983,0.239841937470681,12.0646816666667,1.86057850535961,16.4117,4.44822958861163,208.60904196
4,2002,"okaro",8.68809,0.104865160773443,11.9970876666667,1.50455394475026,15.7487,3.92647422111759,148.57395318
4,2003,"okaro",8.82751,0.492188200951628,12.485326,1.67124073097645,15.811,3.19623560297109,121.3392416
4,2004,"okaro",7.35301,0.384237276236963,11.4330996666667,1.73980224831665,14.2394,3.93449410554902,110.82946418
4,2005,"okaro",6.15598,0.176458181406689,12.007092,1.82006646879597,15.1795,3.83439245191464,32.26874734
4,2006,"okaro",11.0971,0.496013077128013,13.1947333333333,2.05916637916662,16.7553,3.6570985250064,219.3346769
4,2007,"okaro",9.14715,0.336551515940725,11.9504476666667,1.43293968910596,14.7807,4.20308995412899,112.961620989
4,2008,"okaro",7.95178,0.102108750047437,12.819838,1.9489223291671,16.1501,3.73519800613033,247.49935452
4,2009,"okaro",8.2331,0.260993350263948,11.5921843333333,1.77598964964111,14.8317,3.99691338392515,89.23263529
4,2010,"okaro",9.73801,0.300431331880282,12.822467,1.89613396077837,15.4197,3.72226698838221,57.58775776
4,2011,"okaro",8.90643,0.492917028560588,12.0244316666667,2.24235270489369,14.3806,4.64806940981952,233.59710079
4,2012,"okaro",9.77371,0.0997668773756601,12.5375203333333,1.92298291080039,15.817,5.38943454640652,100.84181658
4,2013,"okaro",10.548,0.0682395641060228,13.42418,2.03426407000698,17.0739,4.35024458572159,210.38446719
4,2014,"okaro",9.6685,0.436925911922147,13.6715866666667,1.9701152462513,18.0879,4.55740624313874,224.34380652
4,2015,"okaro",7.33719,0.686643909415936,12.6705606666667,2.01892590389457,16.4634,4.08123366654312,188.8097521
4,2016,"okaro",11.0444,0.289625704831753,13.0534466666667,1.37537496509079,17.1575,2.83157040809513,68.94479956
4,2017,"okaro",8.76584,0.368084947550983,13.3259913333333,1.64815995559759,18.4724,3.74279384367828,495.86695677
4,2018,"okaro",6.44898,0.50277663942749,12.679943,2.27081199368422,16.3425,4.41350077259538,234.79913635
4,2019,"okaro",9.61729,0.243969678291566,12.1591216666667,1.91101305953061,15.2916,3.28102277619358,94.81275339
4,2020,"okaro",10.0448,0.068236983681171,12.50663,1.90467741323691,14.4796,4.25924455848687,63.5088471
4,2021,"okaro",9.51141,0.313885423841248,12.9947133333333,1.89525006656392,17.4408,3.99148931916396,130.4198
4,2022,"okaro",10.1895,0.365951770467093,13.0587466666667,1.71125418268055,16.5177,4.75607642127416,104.79922911
4,2023,"okaro",9.78194,0.357800122173554,13.559338,2.29599070011649,16.1905,4.29571171018261,163.3546323
5,1980,"okaro",7.70278,0.385071848066046,9.7178664516129,1.95756710823466,12.5985,4.39426838833554,75.56187272
5,1981,"okaro",5.85474,0.443757399435142,9.3836764516129,1.90623589837676,14.1994,4.96365002926274,112.90502458
5,1982,"okaro",6.49289,0.154742534947861,9.20257193548387,2.16831456107704,11.93,4.26407585679476,112.36258284
5,1983,"okaro",5.88363,0.320997959041004,8.9011464516129,2.63209463716669,12.8609,4.94659532211803,119.12631143
5,1984,"okaro",5.01276,0.573960889316511,8.78378,2.01853443358402,13.0089,5.69111642496444,106.3923573
5,1985,"okaro",6.06245,0.258088754596166,9.06182935483871,1.88151475030951,12.1835,4.570353855644,95.50609589
5,1986,"okaro",5.86705,0.129427656199477,9.78208935483871,1.88672611871272,12.8701,3.57507381147593,207.00632012
5,1987,"okaro",7.01352,0.349532541560868,9.49134161290323,1.60789383768663,12.891,3.36266364408277,153.19710566
5,1988,"okaro",6.55051,0.145851420443988,10.23423,2.20625318486638,15.717,4.09344802181486,182.8783705
5,1989,"okaro",3.67955,0.450190587600807,9.82814709677419,1.90891645418565,15.0635,3.88804712350558,252.1361039
5,1990,"okaro",7.25828,0.618958668969908,10.0274948387097,2.46702426115971,14.7372,5.58474361417783,135.27775842
5,1991,"okaro",6.3616,0.352546067084856,9.0467964516129,1.99437441033403,10.9098,4.55058563456408,60.78815806
5,1992,"okaro",3.72497,0.125845253011824,7.69047322580645,2.1737622818828,11.1965,4.64131690624816,184.51613894
5,1993,"okaro",5.58925,0.328942588303795,9.54230225806452,2.19405602244581,12.9517,5.3032098767916,200.11878589
5,1994,"okaro",6.25986,0.813962084685893,9.9827035483871,3.03178007987103,13.0189,5.49215166442078,115.12351803
5,1995,"okaro",6.52063,0.412114000734554,9.97964516129032,2.11235659317102,14.5903,5.50497642408212,157.16060052
5,1996,"okaro",5.33382,0.613334893488052,9.1270164516129,2.3242656712403,14.2152,4.66912842737271,167.75842284
5,1997,"okaro",8.5599,0.173215628721804,10.4389341935484,1.51449898959473,12.6806,4.73762149034344,217.23942878
5,1998,"okaro",7.22063,0.517578214041124,10.2337890322581,2.07146908851197,13.9418,5.12627691079013,136.86226734
5,1999,"okaro",6.80993,0.391603634105967,10.5999206451613,1.98719138355629,15.2209,5.07712924083089,78.54413385
5,2000,"okaro",7.19046,0.25027774314549,10.4638,1.84554662937746,14.9997,3.64639788395342,182.58502087
5,2001,"okaro",4.36803,0.545921190250937,10.3970990322581,2.49163622796805,15.2511,4.54545980899139,245.25114769
5,2002,"okaro",5.74237,0.366261779637038,9.91051290322581,2.6638404622577,13.5104,5.61286385726574,93.070830853
5,2003,"okaro",6.7811,0.400412559655663,10.4884422580645,1.86888720464214,15.3664,4.34516653906384,157.83710633
5,2004,"okaro",7.30416,0.425435998995149,10.4229051612903,2.3614631231052,16.0779,4.49487319218785,232.21044024
5,2005,"okaro",7.20702,0.602073400271097,10.7713890322581,2.06247493872932,13.9353,3.98331346675553,239.31463353
5,2006,"okaro",6.23516,0.501398771504279,9.62943161290323,1.91259684974746,13.5889,3.71508616785668,185.70793634
5,2007,"okaro",7.5737,0.370880245255797,10.8688787096774,1.76009727909901,13.3576,4.2002659292002,59.39267459
5,2008,"okaro",6.52808,0.243955522146579,8.44302322580645,1.77301027680099,11.5227,3.01075876414966,98.94052636
5,2009,"okaro",4.12385,0.30979593114339,7.82359516129032,2.41368980334617,12.0564,4.15016943463758,143.2076946
5,2010,"okaro",6.30815,0.120651388890141,10.1334567741935,1.69203178444869,14.3392,4.42651845166153,473.2457459
5,2011,"okaro",7.67078,0.417497334777122,11.3860241935484,2.22582838435916,15.683,4.96841494265888,332.3760142
5,2012,"okaro",5.11158,0.346106646778128,8.84284677419355,2.09693072090206,13.8856,3.96164039590925,123.6078013
5,2013,"okaro",4.41905,0.0658761338234113,10.1381838709677,1.72415908279642,13.5856,3.63258857646677,209.43795952
5,2014,"okaro",5.4345,0.350159157012293,9.89338419354839,1.84390782100827,14.0994,4.34641399052138,72.11087759
5,2015,"okaro",5.02335,0.244171754660444,9.59389322580645,2.04948547039708,14.556,4.65911745094497,219.59874649
5,2016,"okaro",6.29765,0.237297654720817,11.8048606451613,2.22325705725084,15.5103,4.685268363125,136.72491416
5,2017,"okaro",5.13409,0.634522687280762,9.48334,1.82281251353927,13.2249,4.49035835444121,198.15397656
5,2018,"okaro",5.44354,0.578909313587724,10.2028170967742,2.13735298985734,14.2043,3.35039161396097,122.218546032
5,2019,"okaro",7.16085,0.361436758822342,10.7287735483871,1.81536893105218,13.1758,4.4720403755333,105.74129139
5,2020,"okaro",6.30516,0.193265370330538,9.91271,1.89449883649758,14.4499,5.43524551759753,159.712789
5,2021,"okaro",6.85111,0.406365290984602,10.3695035483871,2.0431210322302,15.2148,4.75336965708538,134.92729192
5,2022,"okaro",6.84254,0.0376271015791809,11.0952025806452,2.03116860994152,15.3928,5.51934195878458,166.93593009
5,2023,"okaro",7.3616,0.539568987467775,11.38934,2.54662218579787,16.1416,4.43851372950406,334.36047331
6,1980,"okaro",4.05174,0.121799736215683,7.53663433333333,2.04669853111327,12.2573,4.77416971840131,224.83451562
6,1981,"okaro",4.57264,0.537199198060877,8.701619,2.05386288476675,14.4678,3.50919480839978,288.4702391
6,1982,"okaro",4.44717,0.226860498638723,6.65489033333333,1.86542803682754,12.1211,3.80246352814803,160.49341821
6,1983,"okaro",3.43585,0.357065096597245,7.246397,2.19373491224286,11.7124,4.31053966143498,172.30612743
6,1984,"okaro",2.91134,0.736021676896136,8.28246466666667,2.11639837811173,11.8362,5.43473171138383,133.28133318
6,1985,"okaro",5.55471,0.0457818234701284,8.826004,1.92143626820789,11.8586,4.05133375244499,305.68722757
6,1986,"okaro",2.88866,0.210094431616738,7.14276733333333,1.93730399025465,12.031,3.16918336126201,129.69071152
6,1987,"okaro",3.35018,0.406635446149251,7.07484033333333,1.74881355156827,10.0844,3.80658674270008,108.59911944
6,1988,"okaro",3.42119,0.359439305210212,8.239574,2.21760489348659,13.4482,5.00672760793914,164.04064138
6,1989,"okaro",3.63864,0.646782676963445,8.150295,2.00552841121658,14.0656,3.59837117799151,246.49032633
6,1990,"okaro",4.90617,0.378785333006704,7.47773566666667,2.05498871005985,11.5771,3.92798338509724,174.25475591
6,1991,"okaro",3.19151,0.193139154955695,6.913391,2.36753855618657,11.4605,3.89660043278612,87.324694
6,1992,"okaro",2.87892,0.175376614005403,6.500077,1.86569355283905,11.3296,3.76607142500989,115.9924733
6,1993,"okaro",4.88681,0.899949117257193,8.26893266666667,2.6476137419495,11.2817,4.81545111849347,193.17561465
6,1994,"okaro",2.58447,0.188148906191346,7.17261266666667,2.1220774739621,11.7423,3.80420226454167,157.34631482
6,1995,"okaro",3.90719,0.516833404648925,7.37234,2.17802260382444,10.278,4.44995031159405,163.89817324
6,1996,"okaro",2.3586,0.575230836669941,6.122005,2.14295835563457,10.1185,4.70626344741866,109.58230516
6,1997,"okaro",3.80754,0.393482831220118,6.82172166666667,2.05845721128135,10.8225,4.35141733398441,296.64574633
6,1998,"okaro",5.29663,0.301877561736542,8.77755766666667,1.87687426392102,14.1047,4.9041214774208,238.55800307
6,1999,"okaro",3.82022,0.323935505693649,7.62381766666667,1.70291154228432,12.011,3.31579580993764,109.44079877
6,2000,"okaro",3.91293,0.202531803744498,7.98304266666667,2.30441224841571,10.814,5.06038141924104,114.44098015
6,2001,"okaro",3.1491,0.473529845980177,6.85625566666667,1.62549111449687,12.3628,3.32515055650116,67.17683264
6,2002,"okaro",6.84291,0.197544666445338,9.81150466666667,2.72142779013874,12.4773,4.77082784535347,212.02481913
6,2003,"okaro",4.56392,0.727333881356424,9.48696,2.3170352842743,13.1091,4.235327482118,183.78791532
6,2004,"okaro",4.41057,0.573632671442274,8.00393933333333,2.42843064134757,11.9026,4.99193518838136,286.46469307
6,2005,"okaro",4.2595,0.487598551184271,7.490319,2.35907999003006,10.3272,4.30709677708779,162.92113133
6,2006,"okaro",3.76047,0.597156351871099,6.02341966666667,2.21132379516372,10.7005,4.55631268906119,151.70302651
6,2007,"okaro",3.66178,0.399793127365942,7.69426666666667,2.71907749047216,11.569,5.69294110442362,190.99981026
6,2008,"okaro",4.87118,0.407451644901576,7.48445266666667,2.23721771227451,11.4101,4.79687859949457,187.24705389
6,2009,"okaro",2.44599,0.474076295355505,5.94374633333333,2.27804098152518,10.9639,4.98523793322846,242.77566668
6,2010,"okaro",4.328,0.166757351711881,7.792858,2.03907091878073,12.0404,4.0545201647174,258.99160517
6,2011,"okaro",6.06681,0.627630262515281,8.93322566666667,1.98299505928081,13.4695,4.25539171463686,244.3377276
6,2012,"okaro",3.56564,0.192435774317043,7.09472666666667,2.15310379375964,12.7202,4.46871875015647,167.40590568
6,2013,"okaro",4.5354,0.781512577631992,7.815141,2.07517376525212,11.41,4.17245268255974,175.02519182
6,2014,"okaro",7.04552,0.187237401853903,9.264822,2.02056442250194,12.7742,4.10187950614106,261.52239889
6,2015,"okaro",3.72975,0.69061205629789,8.01153333333333,2.81729136614742,12.7515,5.21610403133411,121.4147603
6,2016,"okaro",4.8228,0.371687156048417,8.735986,2.12965893200765,14.0543,4.03623328915711,207.24993686
6,2017,"okaro",5.27833,0.308313118076413,7.92663666666667,1.91022783887632,12.0359,4.44408916868237,127.19820384
6,2018,"okaro",4.08691,0.377285493266041,7.71201766666667,2.12623316104796,11.3544,3.52178269886147,161.20054677
6,2019,"okaro",4.47458,0.42923279347692,7.61011966666667,1.69125289082151,10.5692,4.15286391498686,129.77953106
6,2020,"okaro",4.88124,0.458251743359477,9.09720433333333,2.13791899289193,12.1266,4.2964735090304,263.81380005
6,2021,"okaro",5.34749,0.0554193694781888,9.43475966666667,1.8885628896204,12.8046,3.99873601840109,175.88937655
6,2022,"okaro",5.72245,0.530293682641044,8.93923133333333,2.38313210672329,12.1747,5.40423092937376,241.54450394
6,2023,"okaro",4.70428,0.472962843353471,8.64053933333333,2.57630026258376,11.8587,4.64029836670014,131.93570966
7,1980,"okaro",3.76432,0.354207163915413,6.23953419354839,1.88339211190445,9.39456,3.99634109339293,140.944352779
7,1981,"okaro",3.5672,0.404087592590381,6.83074387096774,2.17734489300857,10.1826,4.09348815647487,206.8508317
7,1982,"okaro",2.24168,0.284230968516803,5.95399225806452,2.22917522118936,9.69331,4.46338931093849,120.8901678
7,1983,"okaro",3.2928,0.166247091325803,5.89461870967742,1.86021482495811,10.7121,5.11778938527173,89.92138044
7,1984,"okaro",3.21577,0.380390381246687,7.56783064516129,1.89545726945858,10.7961,4.63753500051482,261.60381465
7,1985,"okaro",4.52682,0.205562838044453,7.74967612903226,2.13165682795434,10.9477,4.1335521424073,251.0662066
7,1986,"okaro",3.24685,0.43503486752788,5.73158225806452,2.15711929934484,9.96612,4.60643678455485,207.51713592
7,1987,"okaro",3.36474,0.367216294810361,6.37951806451613,2.12298235345965,9.2818,4.85586015585293,92.778061124
7,1988,"okaro",3.8999,0.588906427640249,7.69977225806452,2.68998844079308,12.182,4.38547550680622,179.444378
7,1989,"okaro",3.08865,0.131476219980231,6.06155096774194,1.61792205734807,10.7049,3.796467614744,122.0512105
7,1990,"okaro",4.89729,0.275244207124946,7.41348935483871,1.95663464448019,10.1714,4.36814451232008,182.47793363
7,1991,"okaro",3.76538,0.375740490032682,6.09798387096774,1.84535465358165,10.141,3.94011624616584,163.93158512
7,1992,"okaro",4.24737,0.805871830187655,7.45429225806452,2.62496145038292,10.5348,5.67754370031619,229.83684237
7,1993,"okaro",3.79901,0.128385789571899,6.34332516129032,1.63088287746586,8.88536,4.65326436912841,36.57806772
7,1994,"okaro",2.29837,0.571669796503681,6.37036225806452,2.40532561403765,9.91367,4.71729116096304,303.59591588
7,1995,"okaro",1.91749,0.312111544658316,6.22794806451613,2.36267072207337,9.89878,4.4026084880658,299.648798
7,1996,"okaro",3.33125,0.22421617824323,7.05869,1.89754954983933,10.7657,3.5644386547674,197.39261893
7,1997,"okaro",3.83863,0.305380890962418,5.80336709677419,1.76002215309945,9.04052,3.62753438750069,115.58797941
7,1998,"okaro",4.64886,0.127167688211904,9.02796516129032,2.1568347015243,12.5266,5.94478562689186,461.14764284
7,1999,"okaro",4.24732,0.204499648921459,7.12186483870968,2.14573522222816,11.7845,4.70408232791742,180.74944787
7,2000,"okaro",4.79995,0.785156041146599,8.44587774193548,2.73887648663831,11.0238,4.56321778196044,177.85502102
7,2001,"okaro",2.97699,0.424714425067492,5.63554322580645,1.8316856918237,8.44626,3.14513370343774,66.93751014
7,2002,"okaro",3.59799,0.530716882641772,7.46070129032258,2.56240376259428,11.1074,4.79115317193053,147.496674172
7,2003,"okaro",3.44708,0.656701462852794,5.84986612903226,1.77937790094818,9.06167,3.60357179927083,52.83329222
7,2004,"okaro",3.36763,0.332042554292368,6.35090064516129,1.86660760489628,9.83632,4.30864146024811,324.16109988
7,2005,"okaro",4.65755,0.276600595326348,7.83906548387097,2.00067324516509,10.9226,3.79088724068984,142.82779601
7,2006,"okaro",3.89593,0.152283757058624,7.25548774193548,2.04841336724511,10.1323,3.69497238551251,170.63711219
7,2007,"okaro",4.23259,0.364275427041133,7.45966774193548,2.29592999700222,10.221,4.88555621260261,281.44003794
7,2008,"okaro",3.62148,0.235473633634426,7.14794548387097,2.52809748868869,10.9846,4.55394555288049,331.7150735
7,2009,"okaro",3.04485,0.304397463889632,6.15134064516129,2.03648861007747,9.36947,5.05707516211693,188.77523457
7,2010,"okaro",3.12756,0.348062627981172,6.62422516129032,2.08158290402247,9.45597,4.75681380859079,117.18500524
7,2011,"okaro",3.03864,0.45844197888458,6.80366612903226,2.70741121862614,10.0298,4.66745247956527,177.6226118
7,2012,"okaro",3.46307,0.143787056566299,6.8211335483871,1.89425410906064,11.3454,4.04389502227741,307.14078914
7,2013,"okaro",3.53176,0.0838421768259866,7.09850677419355,1.76414749355646,10.6472,3.66627312011271,49.37193428
7,2014,"okaro",3.13009,0.777184909249401,6.8500964516129,2.46429786470153,10.2341,5.378055652464,95.92810278
7,2015,"okaro",2.10949,0.649723524907326,6.31691419354839,2.21243227964457,10.036,3.48275805608142,166.69125164
7,2016,"okaro",3.30816,0.533387729879494,7.21481290322581,2.83129226215702,11.1454,4.95579329719269,161.53975987
7,2017,"okaro",2.57956,0.251359771946507,6.70490580645161,1.82341599167836,10.8437,3.98028973355157,214.50101847
7,2018,"okaro",4.74517,0.585554244442818,7.36096806451613,2.10345212742182,10.1006,4.69607967649613,161.70536002
7,2019,"okaro",4.3909,0.877689896662825,8.03502677419355,1.9707460250427,12.284,3.94092200713792,256.37541441
7,2020,"okaro",4.17258,0.272206447260696,7.54447741935484,2.26676057994808,10.6102,5.19783763127716,169.89488736
7,2021,"okaro",4.3989,0.368445740766317,7.36406322580645,2.1686147919481,11.3838,5.07043802819835,203.28213308
7,2022,"okaro",5.39225,0.150413049912566,8.49786451612903,2.21157199348877,11.7321,4.29404107717893,403.65618934
7,2023,"okaro",5.11595,0.965598644209902,7.89430419354839,3.01773399020173,10.6772,4.60980043110122,82.89822118
8,1980,"okaro",3.30738,0.877084554626861,6.84614387096774,2.41484162932084,10.9675,4.31985514633303,153.83675129
8,1981,"okaro",3.86455,0.534382991888776,6.66192967741936,2.09600568946802,9.55836,3.88016966109731,236.819058
8,1982,"okaro",4.68941,0.423073338439094,6.99446129032258,1.99900390682676,9.38062,4.75036013495072,61.06456157
8,1983,"okaro",4.96125,0.61385687534229,7.24852,1.98200173328685,10.7419,3.56420924753303,121.9340074
8,1984,"okaro",3.66007,0.0716914034111483,7.91289258064516,2.26996426879637,10.8861,4.67013578496386,201.11221356
8,1985,"okaro",3.955,0.420653627143521,6.59030612903226,2.1070593962533,10.4087,5.26185801189086,154.11052924
8,1986,"okaro",4.10121,0.292366736408641,6.44374580645161,1.76343430626806,10.4552,3.98918235316462,253.8438674
8,1987,"okaro",5.58656,0.044810769492979,8.31713,1.53814756040272,12.192,3.197343501066,134.38033526
8,1988,"okaro",4.5479,0.240610975269708,8.01934258064516,2.4414356528795,11.6382,5.89780772108586,311.74632048
8,1989,"okaro",3.93938,0.63380120269056,7.25540225806452,2.34856528297558,11.1557,4.58204420673786,186.76715999
8,1990,"okaro",5.55729,0.221109793659168,7.63109225806452,2.13335498920408,11.094,4.66263680636826,410.42634144
8,1991,"okaro",4.67707,1.13269386329405,8.11439032258065,2.5505858531383,11.0634,4.94881373619982,253.75344663
8,1992,"okaro",3.91651,0.296236070662166,6.46591870967742,2.76163514825729,10.9193,4.52868622020879,269.82170358
8,1993,"okaro",4.24536,0.434624329723958,6.38022032258065,1.93161967266137,8.38366,3.5947912519088,94.12648268
8,1994,"okaro",4.50568,0.627217902220592,7.27320451612903,1.98952395239504,10.2338,4.72251892976619,166.86720941
8,1995,"okaro",3.69387,0.21678083105111,6.50720774193548,2.22187149387526,10.8197,4.17219599617564,131.58379523
8,1996,"okaro",3.71605,0.256159539295338,6.93030322580645,2.33737753300674,11.0653,4.33320866453902,232.0665994
8,1997,"okaro",3.75342,0.48531937418261,6.86739483870968,2.4135506728177,9.54383,3.95289477345401,137.2436954
8,1998,"okaro",4.11043,0.372443083244944,7.53579064516129,2.15144459904592,11.943,4.11855259702969,201.17975692
8,1999,"okaro",4.46397,0.389981557334446,7.084,1.89031820307878,9.52442,4.68180900282145,149.05282468
8,2000,"okaro",4.39991,0.491967399613023,7.25534258064516,2.005736509493,10.2175,3.55932621894931,214.93106752
8,2001,"okaro",4.95967,0.384539720523121,7.55683483870968,1.94638803369271,10.8314,3.6413724763424,169.4183986
8,2002,"okaro",4.83132,0.533685347804303,7.60856612903226,2.3994912803092,11.1135,4.57734832025049,123.86729596
8,2003,"okaro",5.9781,0.194116210768086,7.50188032258065,2.10916288701951,9.46922,3.68734017644277,112.85090766
8,2004,"okaro",3.10244,0.71207129722381,6.10467129032258,2.36465265991681,9.30068,4.72066463317402,144.5919572
8,2005,"okaro",5.7412,0.221996650504214,7.6836535483871,1.47436979478463,10.3909,2.97574825954095,85.020688202
8,2006,"okaro",3.81766,0.15987274658315,7.22633483870968,2.11936032746896,11.2375,4.13085271236872,209.4137056
8,2007,"okaro",4.72939,1.05843943192608,7.77589709677419,2.54435992339901,10.5932,5.28237829630745,186.9885198
8,2008,"okaro",3.32116,0.569297489016946,7.16662612903226,2.33158138805908,9.78457,3.91857341306757,239.1156431
8,2009,"okaro",4.36845,0.265683541373962,8.19302322580645,2.31840701649854,10.663,4.31378892153105,297.74673814
8,2010,"okaro",4.57993,0.174677692805378,8.25496548387097,1.85061222636283,12.1638,4.15540202963997,376.45171587
8,2011,"okaro",1.80311,0.545234475095807,6.5538735483871,2.03373904304625,11.5384,4.17279232519425,51.41838627
8,2012,"okaro",5.43339,0.121262956151333,7.72995935483871,1.49633568683705,10.0984,3.00424947960385,199.86562895
8,2013,"okaro",6.87589,0.549237979244881,8.57705419354839,2.25309558260406,10.4807,4.21716566728176,196.4887626
8,2014,"okaro",3.86413,0.65226366374083,6.97099161290323,2.43657063582475,12.618,4.25515328701811,146.0531433
8,2015,"okaro",2.99088,0.111795885147496,7.1727464516129,1.76880045803215,11.0604,3.07531940391563,249.04534386
8,2016,"okaro",3.14782,0.37854684169862,7.26321741935484,1.91149840231567,12.5178,5.18658620152639,146.31777502
8,2017,"okaro",5.19283,0.281438522699452,8.54662903225806,1.71674053990512,11.5689,3.93559917045677,216.28643645
8,2018,"okaro",5.89994,0.288491883854642,8.17494806451613,1.80524654505698,10.4552,3.99712760047762,294.24489005
8,2019,"okaro",4.58088,0.311659361524726,7.81077322580645,2.68612952764449,9.99518,4.45840426065201,182.514552056
8,2020,"okaro",4.36707,0.590292333151126,8.09629903225806,2.17751535337482,10.5897,3.75568861974738,209.94139008
8,2021,"okaro",4.65688,0.515806926301887,7.48648322580645,2.14428879044869,11.0507,3.99887286085717,138.48397206
8,2022,"okaro",4.62704,0.312078910849484,8.73095064516129,2.01898826214999,13.6149,5.00800580292196,195.2440522
8,2023,"okaro",4.27415,0.348031294009605,6.63958451612903,1.77427891588506,8.87316,3.75082015965842,62.204101169
9,1980,"okaro",6.50348,0.796623179790797,9.30951133333333,3.0156301785039,11.7131,5.26163864842921,176.90785464
9,1981,"okaro",4.55433,1.21064001467653,8.135564,3.24466210118581,11.0433,5.58782581311372,106.47938277
9,1982,"okaro",4.91522,0.236617186192149,8.44674633333333,1.80894361775655,11.33,2.94413757288956,160.75289846
9,1983,"okaro",6.3288,1.06193730069232,9.39937733333333,2.55421015977775,12.1522,4.49000669515091,151.8463519
9,1984,"okaro",5.87547,0.500744874511772,8.142377,2.03451701210118,10.2578,4.38296640987585,267.4944729
9,1985,"okaro",6.0142,0.266623064948107,8.885401,2.63151302044429,11.8794,4.764833649027,147.1254146
9,1986,"okaro",5.77356,0.320474222974849,8.677023,2.47252924793682,11.6927,3.8925261720379,163.88356272
9,1987,"okaro",7.0235,1.0429748502011,9.04629466666667,2.87252085710817,12.1946,5.60363633966374,171.74189016
9,1988,"okaro",5.90955,1.15804960628309,10.4622466666667,2.54527749369906,14.7519,5.34595453486092,124.2499504
9,1989,"okaro",4.46534,0.670995493305283,9.852259,2.06289015288253,13.5519,4.81570135739593,229.4088045
9,1990,"okaro",5.18524,0.270919184329276,8.00231933333333,1.95838954515127,10.5293,3.51745480262362,210.84666149
9,1991,"okaro",6.01429,0.39897717277308,8.873988,2.16772843039193,11.3505,4.76849626774773,285.75318214
9,1992,"okaro",5.02099,0.344051667952649,7.489132,2.25972317758639,9.49418,5.00443184339641,145.641326642
9,1993,"okaro",4.95017,0.456065369167623,7.37288333333333,2.44001287982076,9.71465,4.62227448213539,111.92027108
9,1994,"okaro",4.26397,0.491443411371035,7.78459566666667,2.36710876096734,10.0129,4.64210259086332,267.9408994
9,1995,"okaro",4.06657,0.245485408057363,8.727905,2.01997662530904,13.2298,4.10135675468497,221.0334877
9,1996,"okaro",6.45814,0.975967449996669,9.94225233333333,2.19341144425137,11.7646,3.54138902546953,269.79528985
9,1997,"okaro",3.8788,0.136002397825957,7.95178133333333,2.04611286727217,11.2704,3.69170063397616,273.82663624
9,1998,"okaro",6.46743,0.436791688305764,9.703547,2.27318542975257,13.6378,4.29098672670984,131.28575304
9,1999,"okaro",6.94255,0.503586399961317,9.17390833333333,1.87690095880898,12.4495,3.51589815700057,198.55606888
9,2000,"okaro",5.71665,0.539110747749301,9.28410933333333,2.31859471009657,13.1335,4.79264752203832,173.12046697
9,2001,"okaro",6.64423,0.378669800913263,9.27179266666667,1.8796169986246,11.8416,3.4822223125039,130.66876422
9,2002,"okaro",6.84634,0.641015007187047,9.391586,2.62759666265524,11.8773,4.21673286061614,183.91943029
9,2003,"okaro",6.97421,0.497652265810174,9.51588033333333,2.56486170228624,14.0422,5.25816356133013,278.7655936
9,2004,"okaro",4.44314,0.237890067804438,7.95629066666667,2.59772841253472,11.5712,5.64803656620599,167.79747247
9,2005,"okaro",5.02976,0.202888542162932,9.82279233333333,1.99129038856986,12.7206,3.55923871731021,166.621231
9,2006,"okaro",7.49818,0.582110074923979,9.883955,2.15693935430303,12.8363,3.91483999031889,92.32228396
9,2007,"okaro",4.79895,0.155013944454555,9.00185033333333,1.843241291686,11.9656,4.03922652673454,195.26024838
9,2008,"okaro",7.40148,0.265700044978619,9.51999866666667,2.00474513882843,12.1618,3.71246293192269,133.10163874
9,2009,"okaro",4.80158,0.480319449410494,9.06772766666667,1.64074085834074,11.5136,3.84556859010472,212.1141597
9,2010,"okaro",6.25784,0.957774313861569,9.49788566666667,3.02114642555946,12.785,5.25562344497777,327.3850774
9,2011,"okaro",6.03717,0.28097315207151,7.907922,2.12809773932277,9.8582,5.07541985881956,83.45397227
9,2012,"okaro",4.4533,0.495874239389384,8.72553033333333,2.60573787442332,12.4926,4.90206020041574,219.44985269
9,2013,"okaro",5.54742,0.336380497523266,9.66597233333333,2.58547228664729,12.8788,4.68018030823322,201.7970281
9,2014,"okaro",6.72344,0.322871188923694,9.48851933333333,2.40069652175676,12.0307,4.27547304976888,175.74148049
9,2015,"okaro",5.65797,0.511854587429868,8.04774033333333,2.15212011826208,10.3958,3.98388466136308,210.02606564
9,2016,"okaro",5.65261,0.0731967014524562,9.722713,2.24169045062836,11.8352,4.59225121574386,270.34751852
9,2017,"okaro",4.94508,0.451342113844919,9.14261933333333,2.44983866189204,12.8769,4.09633350802886,237.869058
9,2018,"okaro",6.57155,0.624278925561323,9.35698566666667,2.34762082072182,13.4979,4.72509090308324,142.27532975
9,2019,"okaro",4.54253,0.275932234966504,8.88483766666667,2.59095312416587,12.1891,5.58591987433583,182.37645211
9,2020,"okaro",6.08865,0.437385095842325,9.09974066666667,2.79174628380453,12.3698,5.17624452693881,91.52696052
9,2021,"okaro",6.63453,0.288346285261316,8.78461333333333,2.33117283075338,11.6865,4.84486399760612,227.5464433
9,2022,"okaro",5.26538,0.142014205388616,9.326712,1.92499646538076,12.8542,4.31544728757008,420.4281003
9,2023,"okaro",7.99912,0.253819050242491,10.033369,2.65290290668531,13.7043,5.13224356323821,269.80870864
10,1980,"okaro",8.54293,0.137873635653667,11.4315577419355,2.27346919832905,15.1569,4.89006421407736,151.361497
10,1981,"okaro",6.75944,0.25906867079539,10.5039970967742,2.53225068129552,13.8077,4.40355698548673,139.69476307
10,1982,"okaro",4.03422,0.240520660611516,8.84972161290323,2.64343342491263,14.0276,4.58066688354436,228.1705708
10,1983,"okaro",7.34759,0.809109974836153,11.0126416129032,2.35307929840316,14.0128,5.1422193019108,439.28277317
10,1984,"okaro",5.89828,0.396886526677336,10.4938090322581,2.5493187910607,14.1566,4.44397429092473,44.99711099
10,1985,"okaro",6.91727,0.543425427892365,10.1790809677419,1.86137124762818,12.5942,4.12168516416526,126.06020748
10,1986,"okaro",9.39611,0.390963096511678,11.1489880645161,2.01856791480941,13.9927,4.0594133740973,213.81541158
10,1987,"okaro",7.16273,0.445131594022487,11.104354516129,2.20920206307344,13.3756,4.53921971160066,219.1520874
10,1988,"okaro",8.38204,1.13119135022374,11.4531193548387,3.08022361154923,15.1664,5.11938840873556,177.42370127
10,1989,"okaro",8.63686,0.484941346562912,11.49606,2.58566373009432,14.6158,4.75250993975278,357.583643
10,1990,"okaro",7.86518,0.576793558774714,11.292105483871,2.12937647999512,13.84,3.77583089218784,252.47485392
10,1991,"okaro",7.21849,0.356794717736964,10.3650470967742,2.40421005633203,12.8366,5.03177201550309,185.61256475
10,1992,"okaro",5.43531,0.555376240350629,9.49817548387097,1.87530355646648,12.7333,4.33734879437889,245.00632235
10,1993,"okaro",8.41753,0.504316528157664,10.7827458064516,2.37230148100374,13.6898,4.96722934639624,99.3046656
10,1994,"okaro",5.31997,0.307411971453618,9.71613903225806,2.71989005187393,13.4899,4.42518956898861,172.46390264
10,1995,"okaro",8.2765,0.0362620000648902,10.642594516129,2.18249951758019,13.5684,4.59892507312307,237.79635317
10,1996,"okaro",8.43636,0.784602278493378,10.8267187096774,2.39998394183372,13.4871,4.68763426437046,101.98269622
10,1997,"okaro",7.55141,0.603054905840256,10.7656909677419,2.79381349907181,14.9713,5.08404373798062,143.40383276
10,1998,"okaro",8.91963,0.6623390661255,11.8154196774194,3.31695554050954,14.8236,4.7828052255554,192.08553808
10,1999,"okaro",6.80625,0.44489755899645,11.5237312903226,2.05169271924406,14.332,3.8404243783254,104.22291311
10,2000,"okaro",7.54151,0.402381777253891,11.0495358064516,2.50282731430961,13.8514,4.75029629602196,143.66121836
10,2001,"okaro",8.70521,0.502906363404759,11.972344516129,2.32381041043896,14.1367,4.68396236696336,271.743975
10,2002,"okaro",6.43366,0.882688801042021,9.58452741935484,2.92484171597825,12.9925,4.99519205166328,135.40557083
10,2003,"okaro",6.14799,0.584176951894715,10.5103187096774,2.02225555311285,13.8858,3.99108889898784,222.59174052
10,2004,"okaro",7.01187,0.371996180624492,10.8799851612903,2.25996113910227,14.1469,4.31901222532421,327.21547025
10,2005,"okaro",8.03585,0.371687645256067,11.038824516129,1.72579351345745,13.1212,4.2848408368335,324.6042399
10,2006,"okaro",6.90942,1.13151251404525,10.3878893548387,2.99891030535055,13.8456,5.31831242696403,154.68234366
10,2007,"okaro",6.5894,0.671616933277445,10.4196335483871,3.16484687576699,13.858,5.41150777482579,155.03510588
10,2008,"okaro",8.25886,1.12602463863496,10.7459864516129,2.73968808538433,12.6659,4.55064695096434,185.70465665
10,2009,"okaro",4.68246,0.688544775628281,9.40874290322581,2.40857942669938,12.5403,3.71195296366428,289.13454596
10,2010,"okaro",6.04596,0.359456773939566,10.5234761290323,2.34190409910339,13.7157,5.8016293310845,84.32976941
10,2011,"okaro",8.21865,0.644513435876243,11.2900103225806,2.03961372605079,13.536,3.67491539508055,328.31016771
10,2012,"okaro",8.03062,0.840362822632707,10.4034261290323,2.8939593215762,14.1211,5.13316011888388,105.9793687
10,2013,"okaro",8.33874,0.586432486962481,11.4776974193548,2.68738269436822,13.7384,5.43844560374708,98.6536671
10,2014,"okaro",5.90945,0.391252861075801,10.7338812903226,2.54163194725577,13.3104,5.12468782028028,120.453618
10,2015,"okaro",8.25451,0.505367293137377,11.1608364516129,2.43118640014458,13.97,4.92550704647755,71.70181483
10,2016,"okaro",8.54395,1.12484556304988,11.1607212903226,2.51253846093152,13.9998,3.95527148544825,176.54020519
10,2017,"okaro",9.51263,0.539797321544892,11.13115,2.57071337160812,12.9817,4.57681829533356,182.6357075
10,2018,"okaro",6.96678,0.336539167420376,11.4472232258065,1.83644946281339,14.8494,3.88055267441379,125.87522361
10,2019,"okaro",6.34485,0.120109632771106,10.8148790322581,2.77699257534804,13.8789,4.8273185126656,134.0727338
10,2020,"okaro",7.23905,0.807726482381258,12.0131174193548,1.94188806979454,14.6979,3.51058896087195,133.08589639
10,2021,"okaro",8.21526,0.971381287964721,11.5523909677419,2.19660780858139,14.7686,3.93092019409654,220.80724218
10,2022,"okaro",5.86599,0.476746634309043,11.2055322580645,1.98321740599286,15.3232,3.86998070187695,234.33225605
10,2023,"okaro",8.51273,0.597268317285456,11.7125935483871,2.41248125729279,15.7175,4.5194165623744,137.81868774
11,1980,"okaro",8.79969,0.973697312659042,12.0035906666667,3.01623170850058,16.3214,4.56823388011921,218.5518277
11,1981,"okaro",9.70394,0.538594664727567,12.6963213333333,2.21897222536724,15.5499,5.00132776770329,241.59327918
11,1982,"okaro",8.5247,1.01988893936644,13.4331586666667,3.12858915750426,16.5337,4.98201651828012,59.85845198
11,1983,"okaro",10.0748,0.251057427584786,12.7349,1.88055915782262,15.0717,3.69068259911361,127.0017166
11,1984,"okaro",11.0072,0.274425811705328,13.9563933333333,2.32001435473421,16.6623,4.65149591113708,228.8336046
11,1985,"okaro",8.29014,0.200578432282736,12.54082,1.8983183516045,14.7712,4.56089721059629,253.98028122
11,1986,"okaro",10.3062,0.620284386088349,12.5675766666667,2.21934950992338,16.3917,4.96232181632963,166.08024212
11,1987,"okaro",9.64338,0.923172629657097,12.8634753333333,2.5496519677437,15.5322,4.11872267812486,237.55621931
11,1988,"okaro",9.65847,0.411514865270551,13.4609093333333,2.57547359419201,17.8252,5.29770635571659,229.49219902
11,1989,"okaro",10.8086,0.482899605902718,13.2960766666667,2.36512425394337,15.7372,4.53325278148042,167.1889931
11,1990,"okaro",11.2094,0.579539608348731,13.25661,2.12420812321884,15.5132,3.78212225282314,327.03283815
11,1991,"okaro",8.56762,0.716226570192003,10.9224966666667,2.8168985620306,13.0673,5.44319620113036,135.47973389
11,1992,"okaro",9.28974,0.859795084778164,12.774748,2.48696083430366,15.9249,4.741336253178,172.0915246
11,1993,"okaro",9.15222,0.143634434892055,11.101404,2.16010146154842,12.8362,4.74749930611896,212.68468777
11,1994,"okaro",8.41576,0.297117374856339,12.3129953333333,2.91577900376996,15.5679,5.37579559228213,131.98537085
11,1995,"okaro",9.8265,0.491232853205321,12.286113,2.18632935791101,16.7015,5.46610351025299,138.76435931
11,1996,"okaro",8.09185,0.723170155770411,11.6194486666667,3.13349306909625,15.387,5.27449117750945,154.1190325
11,1997,"okaro",8.20188,0.438773702759361,12.8041903333333,3.16179534620718,15.7606,5.25562347548795,132.20213297
11,1998,"okaro",9.83945,0.287031023168228,13.162675,2.2654873554224,15.8589,4.7990135235116,144.70763915
11,1999,"okaro",9.56044,0.124703389087907,12.9389213333333,2.30282484993386,15.5817,4.01041182724418,472.57849525
11,2000,"okaro",9.0937,0.404288128307028,11.1547786666667,2.79737502973473,13.9008,5.0098197266269,170.48771213
11,2001,"okaro",9.65455,0.718268192334792,12.7531193333333,2.22152960961536,15.7148,3.67039864875738,259.54929434
11,2002,"okaro",7.31201,0.375792057864452,11.628289,2.51860881604808,16.3143,5.40843684438489,102.74866218
11,2003,"okaro",9.06481,0.564067568680925,11.9721593333333,2.42269120787976,14.5297,4.30172342310614,191.6254457
11,2004,"okaro",9.05559,0.380024529067533,12.7145433333333,2.40110490678831,15.9195,5.67978353137688,142.4826516
11,2005,"okaro",7.83906,0.37365624377762,12.567304,2.22799482210052,15.4888,5.57139297097234,107.96423641
11,2006,"okaro",7.93401,0.899082220196796,12.4786903333333,3.04849875009562,16.4153,4.38179590831203,163.38219579
11,2007,"okaro",10.0389,0.0437153980663564,13.4125733333333,1.53457380548669,18.4388,4.39822612163131,63.707073199
11,2008,"okaro",8.77108,0.588458030851819,13.1557963333333,1.96917328467024,17.1167,4.22875412236276,86.90680352
11,2009,"okaro",10.03,0.771988605380287,12.9355666666667,2.54828023138952,18.0396,4.42805734601529,64.2680248
11,2010,"okaro",9.95293,0.207566842303871,14.0669343333333,1.49829583944767,18.0668,4.25972655874341,62.07308098
11,2011,"okaro",8.75384,0.446060873111507,12.6052626666667,2.79659138137283,14.9878,5.09114403344671,104.49475494
11,2012,"okaro",9.09153,0.864444924669004,11.9442346666667,2.31260156962833,15.9824,4.14409416200465,98.7777054
11,2013,"okaro",10.1945,0.162878558788319,14.0112066666667,1.99252297417765,16.9945,4.09540623597953,191.92469507
11,2014,"okaro",8.30177,0.0749512622138539,11.7203556666667,2.92062763158037,16.8172,5.30132004118069,118.0901689
11,2015,"okaro",8.25577,0.497798867569021,12.708725,2.23985940308301,17.1174,4.29887830955937,169.77221488
11,2016,"okaro",10.3633,1.18617913845254,13.00286,3.01569046599408,16.044,4.713189549615,209.2500513
11,2017,"okaro",10.2293,0.436949191278986,13.2966033333333,1.90577642362682,17.2692,4.79691792126987,164.723847
11,2018,"okaro",8.86887,0.590092875433181,13.4342806666667,1.9119864807596,15.8699,4.89655648268903,165.3229286
11,2019,"okaro",10.7903,0.569211011504521,15.3112933333333,2.09125628796741,18.9776,4.19059428995411,103.9712124
11,2020,"okaro",11.3436,0.745983160930922,13.8145266666667,2.42753539410637,15.9615,3.87409953314844,331.81115082
11,2021,"okaro",9.5466,0.411312648545799,15.0415766666667,2.16688143447682,18.0492,6.44021852055503,108.568092
11,2022,"okaro",10.9151,1.03769538473725,13.81209,2.50377257943221,16.0663,4.2940435449236,442.7974687
11,2023,"okaro",10.3394,0.412206229511503,13.03317,2.15664072981141,15.7339,5.20297052485405,178.84221917
12,1980,"okaro",9.81348,0.615585205834871,14.7186380645161,2.06225090049315,19.0635,3.70486282303799,257.48160733
12,1981,"okaro",12.4347,0.526240294120471,15.9368677419355,1.84420231513251,18.6875,3.66008202537867,207.4693872
12,1982,"okaro",10.5851,0.674803863914545,13.7907419354839,2.69156223692007,16.8675,4.97843324026636,185.72826622
12,1983,"okaro",11.2062,0.752691487922748,13.8834419354839,2.64746809778547,17.643,5.16878351742458,286.68475224
12,1984,"okaro",14.3694,0.284387002731142,16.7588580645161,1.86548093426502,19.4858,3.89977456611276,292.7084041
12,1985,"okaro",12.534,0.14306363553524,15.3204935483871,1.68817337150625,17.9762,3.49080183882228,289.327824
12,1986,"okaro",10.9134,0.443286196100566,14.7725967741935,1.99528940499561,17.9003,4.67425035255922,105.52791454
12,1987,"okaro",11.776,0.274105139503823,14.8911774193548,2.28609174078731,19.0536,4.83136883520089,262.1447204
12,1988,"okaro",12.8195,0.201921929569326,15.9423935483871,2.06664549875785,17.8599,4.3866151552728,214.43689126
12,1989,"okaro",10.4792,0.12404425212274,14.5701032258065,2.6164903007158,18.0094,5.0738131227427,142.3283552
12,1990,"okaro",12.8909,0.412280643991444,15.2106580645161,2.81779838601829,20.069,5.26036892965693,56.53745872
12,1991,"okaro",9.94823,0.339064355652434,14.6452525806452,2.22451834304472,17.951,5.02525791907082,163.18727216
12,1992,"okaro",9.22733,0.579112549691336,13.7417183870968,2.19549460545331,16.1372,3.65654700198151,235.76128162
12,1993,"okaro",10.9469,0.396451002181304,14.0507516129032,2.07125871569117,18.195,4.74314217183335,109.76083621
12,1994,"okaro",12.7592,0.459922200939463,15.5833258064516,2.02255392139499,18.6946,4.51732387260422,67.89713831
12,1995,"okaro",12.7269,0.368066093943081,16.3122258064516,2.34412213644325,20.5628,4.62499429799649,209.1775066
12,1996,"okaro",10.0926,0.264036032248779,14.1300806451613,2.3049054915995,18.2695,4.44746067204073,311.17044432
12,1997,"okaro",11.4436,0.440383063558307,15.2227548387097,2.08228151457198,19.3702,3.77092709598051,115.58727662
12,1998,"okaro",11.9251,0.837227800689872,15.3599903225806,2.33191365406081,19.5379,4.33609236917769,161.62752521
12,1999,"okaro",11.1876,0.148309928260248,13.9512193548387,2.11732626862048,17.0178,3.82470682035891,176.7639343
12,2000,"okaro",11.7102,0.238241574761837,15.0785290322581,2.17643284067816,18.6205,3.93943189346497,214.79756525
12,2001,"okaro",12.9802,0.453052089452195,15.4277258064516,2.36127507821503,17.8473,4.24291511957581,383.212006
12,2002,"okaro",12.5567,0.313800482257437,14.761264516129,2.33490903579004,17.0996,4.49072504978439,216.56388923
12,2003,"okaro",12.0897,0.315504410436685,15.6095548387097,2.03689172162624,18.7804,4.41098652480417,226.62319078
12,2004,"okaro",8.92883,0.994543584712103,12.3128983870968,3.12653539458248,15.8236,5.58075381798911,318.0707047
12,2005,"okaro",13.4227,0.777586623506989,15.7371741935484,2.50116968096397,18.1683,4.30952848346545,285.329923
12,2006,"okaro",9.83407,0.205127486217718,13.0221241935484,2.30145987740485,17.1296,4.32070738285122,143.67990953
12,2007,"okaro",12.6068,0.889399763135228,15.2954322580645,2.10587251343503,17.1066,4.40253457101702,184.96534888
12,2008,"okaro",13.5218,0.155167194976387,15.5568387096774,2.16769174149153,18.3805,4.43573688607654,115.76157307
12,2009,"okaro",11.2697,1.01795630615268,15.0347161290323,2.38268063704974,17.8275,4.7058597693089,152.48447558
12,2010,"okaro",12.5009,0.74114409323019,16.5704322580645,2.10640727188233,19.8717,3.73661778170259,213.7987328
12,2011,"okaro",10.687,0.261065307168321,14.3871483870968,2.13874665058641,17.0847,4.14576525926155,393.73741
12,2012,"okaro",11.7714,0.430790287514702,16.3589677419355,2.06003021376704,19.1666,4.29620096937972,172.18756773
12,2013,"okaro",13.0443,0.523062458355596,15.5114483870968,1.96942239825442,18.2996,3.29684628980485,227.0432461
12,2014,"okaro",10.9176,0.132889783089634,15.0432774193548,2.01043062032334,17.7946,4.16199428309314,199.15936226
12,2015,"okaro",11.7181,0.528719126865106,15.1990838709677,2.38819084601319,19.2527,3.93889332511049,53.27420751
12,2016,"okaro",12.008,0.152417335123798,14.7695258064516,2.25550369960822,16.9872,4.36610077182147,107.60284679
12,2017,"okaro",12.3215,0.569949963078339,16.6620451612903,1.77895725446654,18.9915,3.50839574642086,84.74694372
12,2018,"okaro",11.8722,0.501080128462504,16.1976290322581,1.72230914706041,19.1213,4.07650469805212,314.46317898
12,2019,"okaro",12.1472,0.905737566393268,15.8691161290323,2.44618192631246,19.104,3.9245613573239,265.66852922
12,2020,"okaro",12.0464,0.279830969560197,15.6420806451613,2.17542182209413,18.9187,4.11338406983836,61.08124785
12,2021,"okaro",14.7233,0.401213064693811,17.7221387096774,2.03598377640177,21.2674,4.07851222806798,174.973736881
12,2022,"okaro",12.2601,0.327523951136783,15.8259838709677,1.97276138284344,19.3851,3.75293653733979,293.48812206
12,2023,"okaro",12.023,0.399322708386338,16.2163967741935,2.19943190247443,19.5363,4.58244001379178,262.90232045
