"lake","date","depth_m","temp_C","windspeed","thermo_depth","schmidt_stability","epi_temp","epi_dens","hypo_temp","hypo_dens","meta_top","meta_bot","uStar","lake_num","strat"
NA,1990-07-26,0,9.39999961853027,NA,0,7.52555053621329,9.10358974596564,999.801436082953,NA,NA,NA,NA,NA,NA,0
NA,1990-09-27,0,13.8999996185303,NA,1,52.3495865475276,13.7311706449871,999.310090913137,12.5031677672225,999.467158340216,1,1,NA,NA,1
NA,1990-11-20,0,18,NA,11,79.2119732944851,17.7910519370749,998.663214101363,16.9904819740058,998.805733475828,11,11,NA,NA,1
NA,1991-01-23,0,20.5,NA,0,61.2612956034297,20.2227653966039,998.187423126277,NA,NA,NA,NA,NA,NA,0
NA,1991-03-22,0,18.8999996185303,NA,0,21.3954756164122,18.5633098931299,998.519025540385,NA,NA,NA,NA,NA,NA,0
NA,1991-05-22,0,12,NA,0,2.95933039907826,11.9608309493698,999.530541138836,NA,NA,NA,NA,NA,NA,0
NA,1991-09-19,0,12.5,NA,0,13.3963728919097,12.170739442492,999.506449914864,NA,NA,NA,NA,NA,NA,0
NA,1991-11-21,0,17.3999996185303,NA,3.15504438583608,66.5813131658335,17.321314269473,998.747704381599,15.7782905497179,999.007765243067,2.9170383189202,3.43986519391572,NA,NA,1
NA,1992-01-15,0,20.8999996185303,NA,0,40.2882919344613,20.5476602908839,998.119092103851,NA,NA,NA,NA,NA,NA,0
NA,1992-04-01,0,16.8999996185303,NA,0,29.8466736338888,16.7187847373727,998.852469868935,NA,NA,NA,NA,NA,NA,0
NA,1992-06-11,0,10.1000003814697,NA,0,3.0011184492127,9.88837708664609,999.737830959832,NA,NA,NA,NA,NA,NA,0
NA,1992-09-01,0,9.80000019073486,NA,1,7.96044900201886,9.60705269382353,999.761592229663,8.90682176363472,999.816065292953,1,1,NA,NA,1
NA,1992-10-01,0,11.5,NA,0,8.82880053760649,11.2968484393016,999.603043188054,NA,NA,NA,NA,NA,NA,0
NA,1992-11-26,0,17.3999996185303,NA,8.5,63.023576439574,17.0406956911593,998.797004833745,16.0707071041955,998.960566824786,8.5,8.5,NA,NA,1
NA,1993-01-19,0,21.3999996185303,NA,0,37.4136265343016,21.3000673187218,997.956644792635,NA,NA,NA,NA,NA,NA,0
NA,1993-02-25,0,19.2000007629395,NA,0,31.909502700716,18.7832460376503,998.476771804732,NA,NA,NA,NA,NA,NA,0
NA,1993-03-22,0,17.2999992370605,NA,0,-2.80795834825501,17.4564886608182,998.72364223685,NA,NA,NA,NA,NA,NA,0
NA,1993-04-26,0,14.8999996185303,NA,0,16.6391336990775,14.3294914417045,999.226885566478,NA,NA,NA,NA,NA,NA,0
NA,1993-06-09,0,11.1000003814697,NA,0,-1.93970430323196,11.1514797799507,999.618158801679,NA,NA,NA,NA,NA,NA,0
NA,1993-08-11,0,9.39999961853027,NA,0,1.23565949580532,9.24351094096952,999.790709809885,NA,NA,NA,NA,NA,NA,0
NA,1993-10-12,0,13.3999996185303,NA,9,55.6135490008877,13.7555869495595,999.306780202827,12.878482131497,999.421133171434,9,9,NA,NA,1
NA,1993-12-01,0,16.7000007629395,NA,0,4.0812316920439,16.7712636224843,998.843507577695,NA,NA,NA,NA,NA,NA,0
NA,1994-02-18,0,21.3999996185303,NA,7.18969167477461,85.8322211972113,21.1986072577105,997.978890518292,20.1880161994237,998.194666174366,7.18969167477461,7.18969167477461,NA,NA,1
NA,1994-04-27,0,14.5,NA,0,9.37102962365404,14.3897952791256,999.21826049164,NA,NA,NA,NA,NA,NA,0
NA,1994-06-02,0,10.5,NA,0,2.98160248872688,10.493019506918,999.683173976256,NA,NA,NA,NA,NA,NA,0
NA,1994-09-06,0,11,NA,0,1.85511419549307,11.0532649577406,999.628216028841,NA,NA,NA,NA,NA,NA,0
NA,1994-10-20,0,14,NA,0,11.2608070161212,13.6894431590413,999.315732141381,NA,NA,NA,NA,NA,NA,0
NA,1994-12-19,0,21.8999996185303,NA,5.31064420414828,145.444543560949,21.4995173968532,997.912607104225,19.6315289691803,998.308928577244,5.01102275005229,5.76343592220057,NA,NA,1
NA,1995-02-21,0,22,NA,3.25011626226953,77.5759105595665,21.943727990797,997.813071970542,20.4809155135743,998.133219543702,2.83632290899975,3.81726779590745,NA,NA,1
NA,1995-05-11,0,14.1000003814697,NA,0,5.48564818706309,14.0147751765089,999.271190108516,NA,NA,NA,NA,NA,NA,0
NA,1995-07-25,0,8.30000019073486,NA,0,-1.68321472198078e-10,8.30000019073486,999.857803113906,NA,NA,NA,NA,NA,NA,0
NA,1995-10-31,0,15.6000003814697,NA,4.91869904808113,38.7428747149549,15.4986687282442,999.051973314491,14.8885378991805,999.145265252232,4.91869904808113,4.91869904808113,NA,NA,1
NA,1995-12-07,0,23.3999996185303,NA,2.63250855045035,269.484250766995,23.3206102183872,997.491960937525,17.2937679173616,998.752582859986,1.59994426304944,4.7925491952095,NA,NA,1
NA,1995-12-14,0,19.5,NA,4.46124818024764,119.166551801031,19.4635079201135,998.342784218089,17.3724859467009,998.738619363226,3.64125774217766,5.21550554426945,NA,NA,1
NA,1995-12-20,0,19.5,NA,8.53523272206372,84.9359913773304,19.341412746472,998.36719749163,18.201846801903,998.587327241658,8.13880786762795,8.96273222256766,NA,NA,1
NA,1996-01-19,0,23.2000007629395,NA,7.63677282417131,170.474056565547,22.2461404670337,997.74416788234,19.8999996185303,998.254211692801,6.9004497423657,9,NA,NA,1
NA,1996-01-24,0,22.5,NA,7.96260748276458,143.319213726196,22.0511876476342,997.788693056143,20.1000003814697,998.212955356611,7.38733713823269,9,NA,NA,1
NA,1996-01-31,0,22.7000007629395,NA,2.48568983539647,91.5175921019522,21.7208657334582,997.863259532841,20.1369975587948,998.205277456684,2.30743941920547,2.65876877958766,NA,NA,1
NA,1996-02-09,0,22,NA,7.57868669502459,102.761647009325,21.4412752386017,997.925508721063,20.123208672728,998.208140697347,7.10016434241316,8.1530997568148,NA,NA,1
NA,1996-03-28,0,17.6000003814697,NA,0,1.16139922436784e-09,17.6000003814697,998.69787345431,NA,NA,NA,NA,NA,NA,0
NA,1996-06-18,0,8.80000019073486,NA,0,1.5045661220503,8.63826082637665,999.835169200846,NA,NA,NA,NA,NA,NA,0
NA,1996-07-25,0,9.80000019073486,NA,0,7.81038730089942,9.52304199871784,999.76848059479,NA,NA,NA,NA,NA,NA,0
NA,1996-09-09,0,10.8000001907349,NA,0,17.5368115038778,10.7482550377171,999.658647032635,NA,NA,NA,NA,NA,NA,0
NA,1996-09-25,0,13.8000001907349,NA,4.32073046650126,45.9875335560522,13.7440310425676,999.308348020314,12.9046227063348,999.417862169451,4.32073046650126,4.32073046650126,NA,NA,1
NA,1996-10-31,0,16.5,NA,7.61648137331987,65.6302045082959,16.4834464641228,998.892276859464,15.5638413696231,999.041750713561,7.61648137331987,7.61648137331987,NA,NA,1
NA,1996-12-03,0,17.7000007629395,NA,2.9674139643484,43.7380517332219,17.6143462568392,998.695284955025,16.7307838144752,998.850423425893,2.9674139643484,2.9674139643484,NA,NA,1
NA,1996-12-16,0,18.5,NA,0,29.3816476872722,18.219077309754,998.584103746192,NA,NA,NA,NA,NA,NA,0
NA,1997-01-14,0,19.1000003814697,NA,0,29.9550099873324,18.9637985779434,998.441693656763,NA,NA,NA,NA,NA,NA,0
NA,1997-02-27,0,22.5,NA,8.5,157.109617749585,22.3621505107758,997.717491153288,20.2999992370605,998.171279393173,7.61346311097768,9,NA,NA,1
NA,1997-05-07,0,15,NA,0.5,17.1521044149782,14.8774626903283,999.146918247881,14.2317419240029,999.240773820901,0.5,0.5,NA,NA,1
NA,1997-06-26,0,10.3000001907349,NA,0,5.92540325023295,10.1569779874133,999.714152117466,NA,NA,NA,NA,NA,NA,0
NA,1997-08-18,0,9.19999980926514,NA,0,5.6539255567784,9.00311117882327,999.808972995771,NA,NA,NA,NA,NA,NA,0
NA,1997-10-30,0,17,NA,0.5,69.7179445026753,17,998.804081136239,15.4358014172938,999.061787443506,0,0.531288578158912,NA,NA,1
NA,1998-02-02,0,23.3999996185303,NA,7.55844437836251,172.037090746655,22.2862601188925,997.734957566102,20.0118006622136,998.231201151688,6.95205974311788,8.24952198933645,NA,NA,1
NA,1998-05-06,0,16.3999996185303,NA,0,26.7564959417139,16.22099993609,998.935925668285,NA,NA,NA,NA,NA,NA,0
NA,1998-06-23,0,11.3000001907349,NA,0,6.70140868513418,10.9617319410674,999.637475978436,NA,NA,NA,NA,NA,NA,0
NA,1998-09-02,0,11.8000001907349,NA,2.49405964809897,26.1743379019539,11.7582467238711,999.553260555658,11.0114218314988,999.632462645375,2.49405964809897,2.49405964809897,NA,NA,1
NA,1998-12-21,0,20.3999996185303,NA,6.39500954981775,114.681051975641,20.0468773263616,998.223954667404,18.733490125501,998.486376651648,6.39500954981775,6.39500954981775,NA,NA,1
"Rotoehu",1999-04-01,0,19.7999992370605,3.40502867095124,0,3.36484216768705,19.8379641676274,998.266922794239,NA,NA,NA,NA,0.0037332584394635,NA,0
"Rotoehu",1999-06-10,0,12.8999996185303,0.829737078838833,0,16.2586370616604,12.5150246386906,999.465731248298,NA,NA,NA,NA,0.000909174333923536,NA,0
"Rotoehu",1999-09-01,0,11.6999998092651,1.76782146157354,1.5,30.6406153676849,11.6335303153325,999.56698656306,10.5617662296384,999.676652207215,1.5,1.5,0.00193697079688991,0.0347060767525219,1
"Rotoehu",2000-02-29,0,22,1.00782600184754,6.65933836590643,124.813823512044,21.3948409905091,997.935769876711,19.9427498527452,998.245428520938,6.65933836590643,6.65933836590643,0.00110515931132518,1.93076377234737,1
"Rotoehu",2000-04-13,0,17.2000007629395,1.54525753517011,0,16.809213864842,17.155638556956,998.776917753093,NA,NA,NA,NA,0.00169378095195734,NA,0
"Rotoehu",2000-05-23,0,14.1000003814697,0.744749729775043,0,3.49361461928736,13.9650216432005,999.278085004416,NA,NA,NA,NA,0.00081612709376691,NA,0
"Rotoehu",2000-06-20,0,10.8000001907349,0.71333011292108,0,19.697117548574,10.4492230048002,999.687296239891,NA,NA,NA,NA,0.000781536191796259,NA,0
"Rotoehu",2000-07-11,0,10.3000001907349,1.78858904167503,0,2.56850607479073,10.1699219037849,999.712986675042,NA,NA,NA,NA,0.00195958236176939,NA,0
"Rotoehu",2000-08-23,0,10.6000003814697,0.409089293431153,0,3.862002145895,10.5001531633649,999.682500132715,NA,NA,NA,NA,0.000448206026417775,NA,0
"Rotoehu",2000-09-28,0,14.3999996185303,2.9668308815974,0.5,20.9146162906653,14.3999996185303,999.216796691223,12.5508553661367,999.461407958888,0,1.10472042293869,0.00325127384991828,0.00309686042967668,1
"Rotoehu",2000-10-25,0,17.6000003814697,0.152965943922169,7.54447380363266,124.090029225014,16.3667919908802,998.911775307776,14.229435207439,999.241100174665,7.54447380363266,7.54447380363266,0.000167657045132292,94.4005258297491,1
"Rotoehu",2000-11-28,0,16.8999996185303,1.39865601918413,0,16.2555693098758,16.8440704960415,998.83102214489,NA,NA,NA,NA,0.00153304721493617,NA,0
"Rotoehu",2000-12-15,0,18.2999992370605,1.37281614209624,4.59230350191615,113.32132087796,18.346678561309,998.560131013805,16.5446198863646,998.881989981508,4.08247380056526,5.22731388136283,0.00150492857694639,0.660386100698647,1
"Rotoehu",2001-01-18,0,21.8999996185303,1.72601128907085,0.5,46.0446701559789,21.8999996185303,997.822959050435,20.0112006718579,998.231324991062,0,1.35895211210453,0.00189281212241242,0.0247759198770958,1
"Rotoehu",2001-02-14,0,16.7000007629395,2.41829216597168,3.48325767128744,28.284876040593,16.2198817439491,998.936109956737,15.1170126038678,999.110842151993,3.48325767128744,3.48325767128744,0.00265051664421708,0.03975462072704,1
"Rotoehu",2001-03-21,0,19.7000007629395,0.136174373506912,0.5,27.5316318002943,19.601970541248,998.314906230127,18.8910418521029,998.455871271813,0.5,0.5,0.000149297395339817,1.75182651680617,1
"Rotoehu",2001-04-18,0,17.1000003814697,2.6765744712225,0,19.1343324286661,16.5896825592047,998.874385071886,NA,NA,NA,NA,0.00293369199810427,NA,0
"Rotoehu",2001-05-22,0,14.1999998092651,5.14369232458552,0,-6.45737211396562e-10,14.1999998092651,999.245259077368,NA,NA,NA,NA,0.00690359311974126,NA,0
"Rotoehu",2001-06-21,0,10.3000001907349,1.26447771431528,0,5.26731321793883,10.1539788565068,999.714421833977,NA,NA,NA,NA,0.00138536376413254,NA,0
"Rotoehu",2001-07-19,0,8.60000038146973,2.55162593065676,0,-0.30625600726002,8.68955076992184,999.831597970364,NA,NA,NA,NA,0.00279540154662896,NA,0
"Rotoehu",2001-08-22,0,9.60000038146973,1.48162489854889,0,9.1597903637661,9.41132541771206,999.777492298853,NA,NA,NA,NA,0.00162321935684359,NA,0
"Rotoehu",2001-09-18,0,12.6000003814697,2.83723126480729,9.5,37.48347436334,12.3348825117548,999.487222834211,11.5961600879257,999.571060640271,9.5,9.5,0.00310882829947568,0.10439477748957,1
"Rotoehu",2001-10-16,0,16.1000003814697,3.19452344646271,0,2.73738711847913,16.0430859276888,998.965067231195,NA,NA,NA,NA,0.00350123734585228,NA,0
"Rotoehu",2001-11-20,0,18.2000007629395,1.95764865080535,6.4402704886933,56.6231556693072,18.0094806003855,998.623094339274,17.1322486100243,998.781017321928,6.40226444631773,6.47351254542193,0.00214597456260411,0.224460836280072,1
"Rotoehu",2001-12-10,0,19,3.64236025126565,0,57.5247962262874,18.9153606997952,998.451138764747,NA,NA,NA,NA,0.00399309932107469,NA,0
"Rotoehu",2002-01-22,0,22,1.7092567536798,0.5,56.4509655740895,22,997.800320317239,20.8259578171329,998.059687985211,0,1.00039584203582,0.00187445970154431,0.0228048385640768,1
"Rotoehu",2002-02-12,0,20.7999992370605,3.9716544965543,0,8.98171260636356,20.7108931720639,998.084346539886,NA,NA,NA,NA,0.0043549027586076,NA,0
"Rotoehu",2002-03-19,0,19.5,3.00952376631254,0,35.1570399095513,19.2727003633321,998.380866786941,NA,NA,NA,NA,0.00329944030710709,NA,0
"Rotoehu",2002-04-16,0,16.5,0.486364770516944,0,8.94481228863279,16.4422653394974,998.899177867989,NA,NA,NA,NA,0.000533079405573097,NA,0
"Rotoehu",2002-05-22,0,13.8000001907349,4.32646444339948,0,7.05320763476976,13.7374391156061,999.309241635901,NA,NA,NA,NA,0.004741042079893,NA,0
"Rotoehu",2002-06-10,0,11.1000003814697,5.08980043714879,0,-5.59825098899512e-10,11.1000003814697,999.623445949736,NA,NA,NA,NA,0.00682996990911793,NA,0
"Rotoehu",2002-07-24,0,12.1999998092651,3.15211966936536,0,13.2604053268497,12.1055157945284,999.513995449696,NA,NA,NA,NA,0.00345381348026674,NA,0
"Rotoehu",2002-08-20,0,10,2.77113509053601,0,2.63929510867447,9.98114263896015,999.729762297566,NA,NA,NA,NA,0.00303603665146435,NA,0
"Rotoehu",2002-09-24,0,12.5,3.57873198214116,0,9.43181386720498,12.4125390934214,999.47800813137,NA,NA,NA,NA,0.00392132805203958,NA,0
"Rotoehu",2002-10-23,0,15.1000003814697,1.39830453406974,0,20.985530779949,14.7769933712596,999.16184719938,NA,NA,NA,NA,0.00153240820187758,NA,0
"Rotoehu",2002-11-21,0,16.3999996185303,2.13017317840592,2.39226906745452,32.3259920291055,16.2953958764123,998.923632383536,15.3170606743801,999.080198085127,2.31344717051,2.45283864838628,0.00233474466248643,0.0400631681704853,1
"Rotoehu",2002-12-17,0,19.7000007629395,1.74110590430335,1.43538431662569,36.1755946251194,19.6128841848446,998.312700224258,18.4734138375483,998.536145165624,0.937687104008869,1.86539065926097,0.00190889707828863,0.0394652163719287,1
"Rotoehu",2003-01-21,0,21.5,3.64618210187039,7.5,136.156437234399,21.2869030865266,997.959537085007,19.2999992370605,998.375442124478,6.80148283392082,8.19851716607918,0.00399827361942588,0.181210352591458,1
"Rotoehu",2003-02-20,0,21.6000003814697,4.20299595169922,8.5,81.4675200141312,21.5791810668648,997.894904255236,20.5,998.129184786878,8.01809417219385,9,0.00460900513799903,0.092594834528467,1
"Rotoehu",2003-03-21,0,19.78000069,0.770938804315881,4.56972830401452,51.0434866198316,19.3550039512633,998.364487754015,18.4938611676097,998.532258934108,4.56972830401452,4.56972830401452,0.000845212607783757,0.926102708310789,1
"Rotoehu",2003-04-15,0,17.59000015,3.05847423562795,0,19.7424712982979,17.5095656471919,998.714138469079,NA,NA,NA,NA,0.00335254680964033,NA,0
"Rotoehu",2003-05-28,0,13.92000008,3.10920992697502,0,3.82434530987358,13.9108612442343,999.285556595565,NA,NA,NA,NA,0.0034071861643565,NA,0
"Rotoehu",2003-06-17,0,11.82999992,0.761428184400867,0,0.4083046217533,11.8102414377531,999.547479379852,NA,NA,NA,NA,0.000834291573463301,NA,0
"Rotoehu",2003-07-31,0,9.170000076,1.84253476765026,0,3.94572022707553,8.93793557889584,999.813787549193,NA,NA,NA,NA,0.00201858366191473,NA,0
"Rotoehu",2003-08-19,0,9.949999809,4.90504132602367,0,4.59211721335053,9.53373434965992,999.767609200784,NA,NA,NA,NA,0.0053738280098907,NA,0
"Rotoehu",2003-09-17,0,12.56999969,5.82224946906262,0,28.7667201360154,12.4127490909898,999.477983110315,NA,NA,NA,NA,0.00781340698829384,NA,0
"Rotoehu",2003-10-21,0,17.06999969,1.64106427966731,2.85461896589071,107.413262949137,16.8703260548212,998.826504976434,13.9011897055345,999.286887079197,1.54406788614276,3.91783515227726,0.00179875157140063,0.256957805571948,1
"Rotoehu",2003-11-18,0,16.54000092,0.919424129550666,8.5,65.4417144222602,16.4281126424538,998.901545075077,15.4119867591486,999.065493082272,8.5,8.5,0.00100773229766676,1.55278653059378,1
"Rotoehu",2003-12-16,0,21.46999931,2.98203390993463,5.79833213276263,221.592795414664,21.3584557542821,997.943794979954,17.6837984325624,998.68272109102,4.79474617699613,7.29488819710856,0.00327001812324846,0.355249461244666,1
"Rotoehu",2004-01-19,0,23.7700004577637,1.90875561557786,5.64648127524663,280.429224935429,23.7166128032563,997.396133345941,19.4699993133545,998.341481799386,4.6991398252378,8,0.00209366460328244,1.15238267085028,1
"Rotoehu",2004-02-18,0,20.17000008,4.31601128937356,0,18.6410390513035,20.1444327692304,998.203732718937,NA,NA,NA,NA,0.00473220554658781,NA,0
"Rotoehu",2004-03-30,0,17.64999962,0.931373185141166,0,23.1856053888091,17.5059523901114,998.714786439146,NA,NA,NA,NA,0.00102092446982873,NA,0
"Rotoehu",2004-04-21,0,15.97999954,1.58115870487437,0,25.566406873832,15.6554075252086,999.02730475545,NA,NA,NA,NA,0.00173291558373091,NA,0
"Rotoehu",2004-05-18,0,13.72000027,2.88392466094383,0,19.9290674338773,13.6505718150574,999.320968179189,NA,NA,NA,NA,0.00316025432071635,NA,0
"Rotoehu",2004-06-15,0,10.64000034,2.45005007703924,0,4.53727906721211,10.4755765044034,999.684818805303,NA,NA,NA,NA,0.00268431844510807,NA,0
"Rotoehu",2004-07-28,0,8.85999965667725,3.12182890146145,0,0.426795753199888,8.85565614983254,999.819781909661,NA,NA,NA,NA,0.00342010041587312,NA,0
"Rotoehu",2004-08-25,0,9.609999657,2.67043548882949,0,7.01562865275266,9.45225273620938,999.774210552532,NA,NA,NA,NA,0.00292564581981117,NA,0
"Rotoehu",2004-10-06,0,12.27000046,2.17633303058149,0,7.48101682947889,12.1707915729586,999.506443862514,NA,NA,NA,NA,0.00238464193694754,NA,0
"Rotoehu",2004-10-19,0,14.56000042,2.01290443141248,0,1.97859832170309,14.5258472654555,999.198641718262,NA,NA,NA,NA,0.00220591036578722,NA,0
"Rotoehu",2004-11-17,0,17.64999962,2.92722086799066,8.5,62.1939316018825,17.4737634974265,998.720552508356,16.45999908,998.896208468363,8.4325333545983,9,0.00320866311537131,0.149290574119885,1
"Rotoehu",2004-12-15,0,16.95999908,3.89959056825201,0,18.531271109017,16.8301997838146,998.833405407618,NA,NA,NA,NA,0.00427428134283854,NA,0
"Rotoehu",2005-01-18,0,22.15999985,0.841624530298399,5.56078028570278,216.570252206389,22.1023217105367,997.777051588472,18.9770699154756,998.439101414583,4.31748846286133,7.13430569887043,0.000922979919508884,4.12913165131933,1
"Rotoehu",2005-02-22,0,22.67000008,1.85415754724349,7.92628552110201,109.523904806938,21.9406453114387,997.81376960432,20.7019602621799,998.086255141388,7.92628552110201,7.92628552110201,0.0020333517314242,0.595810308354941,1
"Rotoehu",2005-03-22,0,21.22450066,0.967637251246561,1.45416076297777,58.4578590940742,21.0216277532915,998.017441378053,19.9434032301249,998.245294133036,1.35393211409071,1.54483624312203,0.00106104581457166,0.213522356390098,1
"Rotoehu",2005-04-19,0,17.7989006,2.65771247880579,0,25.7248772706883,17.5970597737867,998.698403761214,NA,NA,NA,NA,0.00291327472306424,NA,0
"Rotoehu",2005-05-25,1,13.95540047,1.49431307629961,0,3.75073272139889,13.9134914576601,999.285194569439,NA,NA,NA,NA,0.00163752331963255,NA,0
"Rotoehu",2005-06-21,1,10.62030029,3.16337485922867,0,0.497340781538325,10.61010369709,999.672029260234,NA,NA,NA,NA,0.00346587193538821,NA,0
"Rotoehu",2005-07-20,1,10.19489956,3.43006407666096,0,8.75363432685483,9.81773392685928,999.743897918484,NA,NA,NA,NA,0.00375792817437795,NA,0
"Rotoehu",2005-08-23,1,10.87240028,3.05777209418884,0,22.272123651429,10.7570798246228,999.657783685001,NA,NA,NA,NA,0.00335019479810514,NA,0
"Rotoehu",2005-09-23,1,12.43869972,3.02143856631241,0,0.0101312335217818,12.442000078206,999.474492463166,NA,NA,NA,NA,0.00331069012839235,NA,0
"Rotoehu",2005-10-26,1,16.52840042,1.36797585505008,2.45052372736495,69.7888234381922,16.4580604577641,998.896533252409,14.3209469135499,999.228104142464,1.74179411050572,3.08615751535018,0.00149936994864441,0.212402205553264,1
"Rotoehu",2005-11-15,1,18.34210014,3.04983412171875,6.80867561941526,100.048554009881,18.0009045726986,998.624679443083,16.6886208453735,998.857607123835,6.80867561941526,6.80867561941526,0.00334322568474469,0.172806854554213,1
"Rotoehu",2005-12-13,1,21.05660057,3.12367876229295,4.67890560696666,217.323445241752,20.7098200436506,998.084575867739,16.8142087095824,998.836150295115,3.75394749158035,8.40769219315689,0.00342510047334483,0.319411324861919,1
"Rotoehu",2006-01-31,1,23.14830017,1.61949928064201,2.60229634825338,125.417321222421,23.1202635159508,997.539855784013,20.38282934208,998.153896594778,1.67304198345513,4.12313055495264,0.00177625884767121,0.326874687289547,1
"Rotoehu",2006-02-22,1,22.3465004,4.16795702712972,6.45143356434255,125.689206176295,22.3258212453676,997.725859654127,20.5712287475477,998.114092446039,5.56574508449316,7.24751110443622,0.00457096863537173,0.109358690966043,1
"Rotoehu",2006-03-22,1,19.65049934,2.7391084407157,2.60244704223291,67.6930116700328,19.5290100940006,998.329621445335,18.070646970541,998.611765549972,2.31848736413099,2.96638135155385,0.00300305212605239,0.0562533123520823,1
"Rotoehu",2006-04-18,1,16.79089928,1.88564276574329,0,-0.528643517847961,16.8305988007476,998.833336878954,NA,NA,NA,NA,0.00206682415199627,NA,0
"Rotoehu",2006-05-23,1,12.91479969,3.0057694938235,0,2.91927334080185,12.8625613646572,999.423121198523,NA,NA,NA,NA,0.00329360565154549,NA,0
"Rotoehu",2006-06-22,1,9.789400101,5.60134242838268,0,1.44104909762641,9.71387565058504,999.752695451738,NA,NA,NA,NA,0.0075159188789979,NA,0
"Rotoehu",2006-07-18,1,9.497799873,2.25144775866552,0,3.40635070787513,9.38677405953384,999.779450005422,NA,NA,NA,NA,0.00246660946928299,NA,0
"Rotoehu",2006-08-17,1,10.38319969,2.55604095428849,0,10.5182186474205,9.91409745341729,999.735605395783,NA,NA,NA,NA,0.00280037280334424,NA,0
"Rotoehu",2006-09-19,1,12.32670021,4.00835873768803,0,14.9351672690404,12.2156042726641,999.501228398334,NA,NA,NA,NA,0.00439203244554957,NA,0
"Rotoehu",2006-10-31,1,15.12650013,1.65278287745245,0,10.7485429393152,14.9984590758516,999.128780787895,NA,NA,NA,NA,0.001811322130527,NA,0
"Rotoehu",2006-11-13,1,16.70429993,3.6795180458859,0,37.2979189356159,16.4754571241541,998.893617198335,NA,NA,NA,NA,0.00403294167503623,NA,0
"Rotoehu",2006-12-14,1,19.12140083,1.68989209418827,4.60332319618655,46.7213280691773,18.9345140645399,998.44740698829,18.1912390689232,998.589310128025,4.60332319618655,4.60332319618655,0.00185262278272863,0.177724871533258,1
"Rotoehu",2007-01-17,1,21.45849991,0.2635648307343,2.60738265681435,103.022606399494,21.4185337349215,997.930536946979,19.8224183914161,998.27010176764,2.20883606960483,3.12550370301525,0.000289020019324941,9.33258109489149,1
"Rotoehu",2007-02-26,1,22.21920013,1.17320123167341,4.50621831807418,93.1208733695958,22.1434118781045,997.767677683666,21.1856658374108,997.981720410927,4.50621831807418,4.50621831807418,0.00128661442955058,0.719386565255574,1
"Rotoehu",2007-03-20,1,19.09379959,0.873364127955803,0,14.7708897882575,18.9321467142156,998.447868448762,NA,NA,NA,NA,0.000957465812597245,NA,0
"Rotoehu",2007-04-23,1,16.68260002,0.739867934161226,0,19.8148972283228,16.3271719219912,998.918362380817,NA,NA,NA,NA,0.00081092339551077,NA,0
"Rotoehu",2007-05-22,1,15.2883997,3.6279619692053,0,21.8703818457691,14.7872818512709,999.160323904148,NA,NA,NA,NA,0.00397590280243196,NA,0
"Rotoehu",2007-06-20,1,9.824399948,4.10153905869492,0,-1.25390187442181,9.95797330607029,999.731788359281,NA,NA,NA,NA,0.00449361358602058,NA,0
"Rotoehu",2007-07-24,1,8.556300163,2.8832786771313,0,1.50793056378439,8.52857303682337,999.842683743845,NA,NA,NA,NA,0.00315872201100987,NA,0
"Rotoehu",2007-08-21,1,10.72329998,1.29568686417668,0,13.97408215679,10.265823986448,999.704282331575,NA,NA,NA,NA,0.00141956375650724,NA,0
"Rotoehu",2007-09-18,1,13.25419998,1.7755073753719,6.24573353704746,67.6079697091877,12.9453682213553,999.412746723819,11.3707327888946,999.595255754866,6.24573353704746,6.24573353704746,0.00194554222793327,0.316080943110196,1
"Rotoehu",2007-10-16,1,13.93050003,4.90484316161078,0,7.75455865958297,13.944325702549,999.280944260137,NA,NA,NA,NA,0.00537491926205846,NA,0
"Rotoehu",2007-11-13,1,17.37140083,5.41344022226163,6.43800501042785,55.5110996551585,17.4673171779084,998.721705867183,16.8128471415694,998.836383876541,6.36164743171446,6.50441434145178,0.00726753870888785,0.0191711816475404,1
"Rotoehu",2007-12-11,1,18.10740089,3.46228355280153,0,-3.0028340319829,18.2442084947897,998.57939636383,NA,NA,NA,NA,0.00379543846967695,NA,0
"Rotoehu",2008-01-07,1,23.32309914,1.97362954983958,5.21163383257476,168.841274727646,23.1037968271642,997.543774711011,20.7034192996398,998.085943460627,4.10488390032504,6.10885483590848,0.00216466293357749,0.522164505115484,1
"Rotoehu",2008-02-19,1,21.28210068,1.69490687649794,0,47.464697436234,20.8703949788,998.050128358195,NA,NA,NA,NA,0.00185849025108519,NA,0
"Rotoehu",2008-03-18,1,19.85589981,1.14340698353648,0,38.3549391489475,19.4630727959599,998.34287150439,NA,NA,NA,NA,0.00125357869573235,NA,0
"Rotoehu",2008-04-21,1,16.41040039,4.12465306662269,0,15.9186464003999,16.100462182154,998.955708927346,NA,NA,NA,NA,0.00452069212873394,NA,0
"Rotoehu",2008-05-20,1,12.97669983,3.14570257494252,0,8.80440085051007,12.8716847565704,999.4219823452,NA,NA,NA,NA,0.00344694085932847,NA,0
"Rotoehu",2008-06-20,1,10.29109955,1.85545710001606,0,3.3927201881371,10.4050681810526,999.691426538569,NA,NA,NA,NA,0.00203286508463102,NA,0
"Rotoehu",2008-08-05,1,9.884400368,3.7669905402058,0,1.53652557548494,9.86968783856391,999.739442552198,NA,NA,NA,NA,0.00412706908988106,NA,0
"Rotoehu",2008-08-19,1,9.56410026550293,2.92490951825864,0,7.31052172665391,9.48427788992246,999.771626742446,NA,NA,NA,NA,0.00320444376914785,NA,0
"Rotoehu",2008-09-16,1,14.1070003509521,1.54878161791777,1.5,56.9923217628841,14.0615268911119,999.264683974665,12.8019459357052,999.430661420351,1.5,1.5,0.00169722937229537,0.0841000661743017,1
"Rotoehu",2008-10-21,1,15.21360016,2.67806899463027,0,16.5011288553195,15.0511159912799,999.120833556315,NA,NA,NA,NA,0.00293496804422891,NA,0
"Rotoehu",2008-11-18,1,16.71360016,2.76162729020409,7.38804110858385,82.2295787095726,17.2199925131979,998.765606774673,15.8071330385649,999.003153693842,6.66601649355254,7.93603677695971,0.00302708000497005,0.185746147900838,1
"Rotoehu",2008-12-16,1,20.80760002,5.23330539143284,8.5,166.497483594083,20.7786322309548,998.069846535415,18.41410065,998.54739252678,7.70706656275002,9,0.00702800179837438,0.079867105880789,1
"Rotoehu",2009-01-13,1,22.33180046,2.3499713211016,8.5,181.86171211511,22.0998402381396,997.777617142665,19.59000015,998.317324385772,6.90660703876929,9,0.00257712988157142,0.61783155699825,1
"Rotoehu",2009-02-17,1,22.39800072,1.50332819104812,0,29.0635992799814,22.1650932508307,997.762724659961,NA,NA,NA,NA,0.00164865880766856,NA,0
"Rotoehu",2009-03-17,1,18.63960075,1.50392125126284,0,19.0096230952877,18.5426378980136,998.522970047771,NA,NA,NA,NA,0.00164868121375461,NA,0
"Rotoehu",2009-04-22,1,15.89630032,2.32821262130416,0,15.6150984351737,15.578570878295,999.039433483339,NA,NA,NA,NA,0.00255165495430775,NA,0
"Rotoehu",2009-05-19,1,12.68980026,2.5478717491271,0,2.53936633133485,12.6744226996495,999.446375246952,NA,NA,NA,NA,0.00279182658039628,NA,0
"Rotoehu",2009-06-22,1,8.571299553,2.27984760894232,0,1.97590546956351,8.50791588015294,999.844080172099,NA,NA,NA,NA,0.00249764264978052,NA,0
"Rotoehu",2009-07-21,1,9.439800262,4.56757372792164,2.40611513083528,19.8542604022986,9.3330705652605,999.783703656589,8.49277869797411,999.84509966824,2.40611513083528,2.40611513083528,0.00500406753772361,0.00540397767513809,1
"Rotoehu",2009-08-17,1,10.2954998,2.95151461626061,0,5.23770008235858,10.0556949364375,999.723194222846,NA,NA,NA,NA,0.00323366984848736,NA,0
"Rotoehu",2009-09-22,1,14.13819981,2.64006828131395,6.19969305067202,76.3563094372165,13.8179631684815,999.298289470319,12.1415859708577,999.509829249764,6.19969305067202,6.19969305067202,0.00289306512732035,0.160263308070462,1
"Rotoehu",2009-10-28,1,15.44419956,3.87815745038801,1.5,39.3423423963909,15.4127595093288,999.065372943689,14.5798871048607,999.190787869647,1.5,1.5,0.00425029531908059,0.00925949526219586,1
"Rotoehu",2009-11-17,1,16.87330055,2.52857573349109,0,25.1705719466412,16.7173647978945,998.852711931849,NA,NA,NA,NA,0.00277150624947996,NA,0
"Rotoehu",2009-12-16,1,20.27549934,1.20156805882979,8.5,96.9835696538706,20.1087204631584,998.211147001538,18.7147007,998.489996786116,8.09409360292768,9,0.0013174307327992,1.3546821986474,1
"Rotoehu",2010-01-20,1,21.35680008,3.62003505646009,5.7465648186005,68.9126374375882,21.2772542810814,997.961655881359,20.4291117774417,998.144152528125,5.7465648186005,5.7465648186005,0.00396959748534666,0.0713088523191134,1
"Rotoehu",2010-02-17,1,22.09280014,1.62156262907111,8.5,98.7927268424179,22.1637929524327,997.763021841301,20.84589958,998.05540050096,7.44737450218396,9,0.00177832300916736,0.729017728822232,1
"Rotoehu",2010-03-23,1,19.28359985,3.090174954594,0,22.6146898102513,19.1596060250846,998.403255280422,NA,NA,NA,NA,0.00338782288324646,NA,0
"Rotoehu",2010-04-21,0,14.27000046,3.22388572533209,6.07189952528956,70.7612835935204,13.7070734832157,999.313351243789,12.0153603541926,999.524336532009,6.07189952528956,6.07189952528956,0.00353280297483102,0.0975462429626113,1
"Rotoehu",2010-05-18,1,14.96500015,1.22686795540514,0,7.67279268162566,14.8312969541968,999.153792947801,NA,NA,NA,NA,0.00134453550662312,NA,0
"Rotoehu",2010-06-16,1,11.24709988,1.30521259954078,0,3.99455364442264,10.9067729425281,999.642983390882,NA,NA,NA,NA,0.00143004406374655,NA,0
"Rotoehu",2010-07-20,1,9.263400078,1.16109970717419,0,0.509892734938808,9.25108972026951,999.790121173838,NA,NA,NA,NA,0.00127205449792116,NA,0
"Rotoehu",2010-08-17,1,11.67249966,3.30602481085669,0,16.6314743625675,11.4281766875385,999.589152441614,NA,NA,NA,NA,0.00362231291480887,NA,0
"Rotoehu",2010-09-27,1,12.61369991,1.23449098822146,0,12.0456329501785,12.3786026546276,999.482044349317,NA,NA,NA,NA,0.00135266747882668,NA,0
"Rotoehu",2010-10-19,1,14.65279961,3.55649027694439,0,34.6400452609402,14.3879984956518,999.218518109151,NA,NA,NA,NA,0.00389746309652126,NA,0
"Rotoehu",2010-11-16,1,17.97190094,0.741550032027509,7.48512423558384,110.753401779234,17.838745373585,998.654498914691,16.0543831038068,998.963227606051,6.75925929121022,8.18908659749408,0.000812874405892573,3.55178191812077,1
"Rotoehu",2010-12-14,1,21.5781002,0.768627094240113,8.00882208187768,240.993638487395,20.9811662124576,998.026209719667,17.5671711655905,998.703788406118,6.90888597504151,9.16009049692323,0.000842820982424875,7.72998939989826,1
"Rotoehu",2011-01-18,1,22.72870064,3.07634811099134,5.59481073071814,188.604762876259,22.6931730611945,997.640631588709,20.7327581403103,998.079671390752,5.04508420395641,6.28430791157743,0.00337395305985468,0.266322869731289,1
"Rotoehu",2011-02-15,1,23.09600067,2.94824255447207,5.46800740005713,164.043571638532,23.0676095033277,997.552377568616,20.674139162668,998.092194083509,4.19922857744901,6.77579273582108,0.00323359764169301,0.244294928378095,1
"Rotoehu",2011-03-25,1,19.55389977,3.20294192891473,0,14.2090324901215,19.5277585477088,998.329873373271,NA,NA,NA,NA,0.00351158070730207,NA,0
"Rotoehu",2011-04-20,1,16.33300018,0.683150656883238,0,20.4688150799366,16.2240055637672,998.935430241967,NA,NA,NA,NA,0.000748752705769745,NA,0
"Rotoehu",2011-05-23,1,14.40400028,0.926384855230265,0,4.90120577247817,14.2489978924677,999.238330423729,NA,NA,NA,NA,0.00101519045777164,NA,0
"Rotoehu",2011-06-20,1,12.68459988,2.02588937753274,0,8.24240121616027,12.3940385861007,999.48021027769,NA,NA,NA,NA,0.00221982761894937,NA,0
"Rotoehu",2011-07-19,1,10.28540039,2.10256580872038,0,12.9378826150954,9.93643465461943,999.733665369319,NA,NA,NA,NA,0.00230355222244348,NA,0
"Rotoehu",2011-08-16,1,9.598600388,3.34309421494519,0,6.07829559594504,9.41092373631499,999.777524394645,NA,NA,NA,NA,0.00366258366720292,NA,0
"Rotoehu",2011-09-21,1,11.41129971,0.628724844427194,0,7.06173423749441,11.3715292238561,999.595171426157,NA,NA,NA,NA,0.000688873011367729,NA,0
"Rotoehu",2011-10-25,1,15.99199963,2.31266359205138,8.26904272746766,70.3179020721763,15.6467897532318,999.028668490724,14.4817789244238,999.205020595779,8.26904272746766,8.26904272746766,0.00253462731533085,0.25654336545746,1
"Rotoehu",2011-11-14,1,18.19000053,1.51971012038481,4.70961804524144,64.8979910943634,18.1471059027217,998.597546643765,17.1784576510342,998.772912330453,4.70961804524144,4.70961804524144,0.00166592763037701,0.312291668712711,1
"Rotoehu",2011-12-21,1,18.39019966,1.76776985210179,2.52543002146323,42.2617949149616,18.3290890082554,998.563446167979,17.5908047125436,998.699531475055,2.52543002146323,2.52543002146323,0.00193788728891137,0.0805960724660332,1
"Rotoehu",2012-01-17,1,20.32189941,1.67830743607958,8.22510499171221,77.5302754687992,19.9820419218007,998.237338858023,19.0399808621396,998.426787477238,8.22510499171221,8.22510499171221,0.00184011614823423,0.534230348399432,1
"Rotoehu",2012-02-22,1,21.53019905,4.04244288766088,8.37670592216399,125.956083533842,21.5422759489124,997.903113344257,19.9818012019076,998.237388468225,7.40205324201285,9.11621747810054,0.00443292442299773,0.150197160309553,1
"Rotoehu",2012-03-28,1,18.38430023,3.31292617484906,0,33.8319462997887,18.0688503659267,998.612098889612,NA,NA,NA,NA,0.00363164985511088,NA,0
"Rotoehu",2012-04-17,1,17.78879929,3.52252337536602,0,30.1518016547531,17.2125103745553,998.766924231898,NA,NA,NA,NA,0.00386111228034361,NA,0
"Rotoehu",2012-05-15,1,12.07400036,3.21029947045443,0,5.26176551270131,12.0377611916927,999.521776718688,NA,NA,NA,NA,0.00351754805989811,NA,0
"Rotoehu",2012-06-25,1,10.38220024,3.80395151651542,0,4.37965114391601,10.3094962803059,999.70027796742,NA,NA,NA,NA,0.00416764472078253,NA,0
"Rotoehu",2012-07-18,1,9.470299721,0.890067328913942,0,7.72773836379001,9.33953282896875,999.783193885794,NA,NA,NA,NA,0.000975125619817401,NA,0
"Rotoehu",2012-08-14,1,11.04679966,1.4972821544385,0,12.8502708203954,10.7792721001004,999.655608051732,NA,NA,NA,NA,0.00164047292903125,NA,0
"Rotoehu",2012-09-18,1,12.33959961,1.21844294490961,0,15.8101938721144,11.9475380857333,999.532047932829,NA,NA,NA,NA,0.00133504977812382,NA,0
"Rotoehu",2012-10-17,1,14.00489998,5.41909425734596,0,5.06832237466782,13.9691824437236,999.277509542302,NA,NA,NA,NA,0.00727310573102164,NA,0
"Rotoehu",2012-11-13,1,16.3302002,4.29926678865129,8.41543258661962,56.411828484888,16.3108925849436,998.921063722143,15.5555224722709,999.043058318715,8.41543258661962,8.41543258661962,0.00471215354450666,0.0606102429320779,1
"Rotoehu",2012-12-06,1,18.69149971,5.05357069011605,0,44.6881808484199,18.4880640718342,998.533361195323,NA,NA,NA,NA,0.00678505399275419,NA,0
"Rotoehu",2013-01-15,1,22.4720993,4.12921504525981,7.49037145759391,177.528571457987,22.4821280362325,997.689760248845,19.98590088,998.236543478227,6.00721960688872,9,0.00452856250744695,0.184292125369699,1
"Rotoehu",2013-02-19,1,23.27160072,1.66132062227615,5.41592484658581,135.300497420921,22.8985177598954,997.592404340728,21.187907475134,997.981230356424,5.1454867258906,5.63799275968109,0.00182208029825336,0.623581743861332,1
"Rotoehu",2013-03-19,1,21.07600021,3.23708771119968,0,15.8068212750665,20.984059155154,998.02558335566,NA,NA,NA,NA,0.00354955780447242,NA,0
"Rotoehu",2013-04-22,1,17.27560043,2.36452559723933,0,5.97602978788394,17.1732849693773,998.773820799558,NA,NA,NA,NA,0.00259179750630952,NA,0
"Rotoehu",2013-05-14,1,15.2741003,1.66906239847407,0,17.0112620508112,14.990839803568,999.129928019172,NA,NA,NA,NA,0.00182916217560012,NA,0
"Rotoehu",2013-06-17,1,11.77200031,2.08640669333666,0,3.15435133448964,11.6279492454247,999.567596145495,NA,NA,NA,NA,0.00228603831947096,NA,0
"Rotoehu",2013-07-15,1,9.001700401,2.92650336750191,0,0.0525340971551272,8.98637196173474,999.810215114019,NA,NA,NA,NA,0.00320612806975261,NA,0
"Rotoehu",2013-08-19,1,10.9399004,1.04513465161193,0,7.0861994147723,10.7763081490013,999.655898998289,NA,NA,NA,NA,0.00114508467797964,NA,0
"Rotoehu",2013-09-18,1,11.98190022,2.07952419557936,0,2.15118804009057,11.9381570496432,999.533109954461,NA,NA,NA,NA,0.00227853659672163,NA,0
"Rotoehu",2013-10-16,1,14.50870037,3.49445847020679,0,-1.10187781635022,14.4840354883175,999.204694521714,NA,NA,NA,NA,0.00382951057906216,NA,0
"Rotoehu",2013-11-19,1,20.14620018,2.02259057893584,5.61083177652593,147.955546414821,19.8976372906346,998.254696478841,17.4801944753123,998.719401433803,5.01012688512012,6.39968111879756,0.00221757298343133,0.486746386700584,1
"Rotoehu",2013-12-11,1,20.04220009,0.66479678097897,9.5,64.8216204016923,19.7469703016998,998.28549395849,18.9971572481648,998.435174224608,9.5,9.5,0.000728873483241369,3.28807557132331,1
"Rotoehu",2014-01-14,1,20.82629967,0.860582244762231,0,40.3884891834158,20.6765399699675,998.09168190208,NA,NA,NA,NA,0.000943621410953472,NA,0
"Rotoehu",2014-02-18,1,21.43919945,1.987130473824,5.29725390774088,87.2717587180115,21.3206805380972,997.952112330692,20.2567956177068,998.180317683279,5.27306735114899,5.31071302623921,0.00217902471284129,0.275977524050951,1
"Rotoehu",2014-03-18,1,20.91790009,0.72879811333455,1.5,41.9242318289564,20.8791898919729,998.048233917115,20.1018950866372,998.212562503906,1.5,1.5,0.000799138579769542,0.279390492145598,1
"Rotoehu",2014-04-15,1,18.85219955,3.60838846716924,0,10.9102833244536,18.7904460498087,998.475379703449,NA,NA,NA,NA,0.00395580822244303,NA,0
"Rotoehu",2014-05-20,1,14.28209972,2.8707214790014,0,15.9537557975773,14.0491259225391,999.266412306734,NA,NA,NA,NA,0.00314587191888635,NA,0
"Rotoehu",2014-06-17,1,11.5866003,3.86175779924117,0,3.44586281061027,11.5209921961294,999.579201086883,NA,NA,NA,NA,0.00423123405955219,NA,0
"Rotoehu",2014-08-19,1,9.569700241,1.97304946212709,0,2.76831048178038,9.51987082528385,999.768738737533,NA,NA,NA,NA,0.00216161735859311,NA,0
"Rotoehu",2014-09-16,1,12.31019974,4.08725825584829,0,5.80853957245736,12.2845502319353,999.493154694662,NA,NA,NA,NA,0.00447850218790707,NA,0
"Rotoehu",2014-10-20,1,15.8192997,0.60332131571825,5.55355298710547,107.618362019054,15.6332546030154,999.030808645702,13.8825019369114,999.289454689625,5.55355298710547,5.55355298710547,0.000661225892970983,3.87426002484722,1
"Rotoehu",2014-11-18,1,15.9137001,4.59500566811402,0,7.99209222383778,15.8576733575997,998.995049748047,NA,NA,NA,NA,0.00503610766749599,NA,0
"Rotoehu",2014-12-16,1,19.03549957,4.47444218311065,0,29.464169529417,18.4294590660328,998.544483836236,NA,NA,NA,NA,0.00490507684108666,NA,0
"Rotoehu",2015-01-20,1,24.62140083,1.73395862984098,8.43474819379919,395.782793163555,24.211995103422,997.274104805824,18.64850044,998.502721055962,5.57721470725819,10,0.00190205067514804,2.41682817852822,1
"Rotoehu",2015-02-17,1,21.20159912,1.14670486176697,1.5,53.6167214442829,21.1817830156897,997.982569130006,20.6022935031794,998.107493750791,1.5,1.5,0.00125742125977772,0.144336136147227,1
"Rotoehu",2015-03-18,1,19.98920059,1.51118314575038,0,11.1122013512394,19.8800096773372,998.258312078098,NA,NA,NA,NA,0.0016568616917007,NA,0
"Rotoehu",2015-04-14,1,18.21120071,2.93513512636131,0,11.133988118799,18.1187169114703,998.602833566589,NA,NA,NA,NA,0.00321752793273636,NA,0
"Rotoehu",2015-05-19,1,13.94250011,1.10338641010301,0,2.64285058829392,13.9200334710256,999.284293754815,NA,NA,NA,NA,0.00120913202203359,NA,0
"Rotoehu",2015-06-16,1,10.53660011,1.57872626189596,0,1.7533649918842,10.5111445276891,999.681460574887,NA,NA,NA,NA,0.00172968347966487,NA,0
"Rotoehu",2015-07-21,1,8.376099586,2.42063882890447,0,-0.0145355018312876,8.37332843834121,999.853032358826,NA,NA,NA,NA,0.00265187185716391,NA,0
"Rotoehu",2015-08-18,1,9.529800415,3.45452413654906,0,7.16877456777382,9.40834793124647,999.777730158573,NA,NA,NA,NA,0.0037846622215786,NA,0
"Rotoehu",2015-09-19,1,11.39859962,3.95270920888446,0,23.8919913362788,11.2520809424432,999.607727347242,NA,NA,NA,NA,0.00433082550945305,NA,0
"Rotoehu",2015-10-20,1,15.54360008,4.27370286402787,0,9.4098438742694,15.3491837882598,999.075233678924,NA,NA,NA,NA,0.00468377312414813,NA,0
"Rotoehu",2015-11-17,1,16.94389915,2.41481825610127,0,20.4002862412795,16.9234783435238,998.817336532042,NA,NA,NA,NA,0.00264686650148486,NA,0
"Rotoehu",2015-12-15,1,19.81130028,4.36038056366643,0,45.9835616677011,19.6755039014349,998.300018302637,NA,NA,NA,NA,0.00478062280211945,NA,0
"Rotoehu",2016-01-20,1,22.69779968,1.14378253177778,1.5,92.4192039812153,22.6621803908055,997.647874114457,21.5957466904351,997.891214926663,1.5,1.5,0.00125442714088084,0.25003561594727,1
"Rotoehu",2016-02-16,1,22.83289909,4.34251868159482,8.5,89.1209380735519,22.691100880792,997.641116124744,21.56240082,997.898638534182,8.0988516627074,9,0.00476261141673903,0.0953372118092984,1
"Rotoehu",2016-03-15,1,21.10969925,0.617767925680834,0,42.3574364621218,20.9971273509334,998.022752827089,NA,NA,NA,NA,0.000677400882252377,NA,0
"Rotoehu",2016-04-18,1,17.87380028,1.51133929016618,0,10.1359324106568,17.8114179278043,998.659495625295,NA,NA,NA,NA,0.001656700021725,NA,0
"Rotoehu",2016-05-17,1,16.14069939,3.23594746712613,0,7.8379140974242,16.0655708054501,998.961404361965,NA,NA,NA,NA,0.00354664508881361,NA,0
"Rotoehu",2016-06-14,1,12.40159988,2.94838099641142,0,6.89841745150252,12.1421721927534,999.509761403586,NA,NA,NA,NA,0.00323058153466283,NA,0
"Rotoehu",2016-07-19,1,9.604100227,4.92705778330232,0,3.04353377845547,9.553172005392,999.76602111953,NA,NA,NA,NA,0.00539795292052669,NA,0
"Rotoehu",2016-08-16,1,10.6431999206543,1.35420378082473,1.5,20.2382251402163,10.5749772905606,999.675391773632,9.35229254268793,999.782185673212,1.5,1.5,0.00148369674606298,0.0390652380664329,1
"Rotoehu",2016-09-19,1,12.9598999,1.67609195750114,1.5,38.5522232354459,12.9226936362297,999.415595973834,12.0715720187598,999.517900993449,1.5,1.5,0.0018366034848176,0.0485782402489772,1
"Rotoehu",2016-10-18,1,15.66989994,3.64239159069971,5.02349658868048,46.1660258989293,15.5281248552247,999.04735911955,14.8298068521032,999.154014424059,5.02349658868048,5.02349658868048,0.00399194197160803,0.04125249322398,1
"Rotoehu",2016-11-15,1,17.50860023,4.03728466794206,0,0.154392171817188,17.5087081013805,998.714292267012,NA,NA,NA,NA,0.00442546961268033,NA,0
"Rotoehu",2016-12-12,1,19.51709938,3.48757096701988,0,26.2275998985175,19.4598181250966,998.343524330414,NA,NA,NA,NA,0.00382361075070663,NA,0
"Rotoehu",2017-01-17,1,20.95809937,4.08194853593232,0,36.2827661122473,20.884926682047,998.046997771017,NA,NA,NA,NA,0.00447592346376612,NA,0
"Rotoehu",2017-02-14,1,20.75530052,1.64769752381922,7.48590399676258,89.9291496324018,20.7834855503996,998.068805825264,19.613845790039,998.312505791674,7.0471739945085,7.91209830684612,0.00180670759815813,0.584603190366633,1
"Rotoehu",2017-03-14,1,20.09939957,4.51854587782397,0,23.8183073563704,19.9904900479854,998.235597388968,NA,NA,NA,NA,0.00495419153262482,NA,0
"Rotoehu",2017-04-18,1,18.15119934,1.47824896414643,0,26.6879041140634,17.8756198981199,998.647743501469,NA,NA,NA,NA,0.00162043660014625,NA,0
"Rotoehu",2017-06-20,1,11.0332002639771,2.9419595986349,0,5.88899893060861,10.98315859536,999.635318140928,NA,NA,NA,NA,0.00322334307184927,NA,0
"Rotoehu",2017-07-18,1,9.983499527,0.908913114659482,0,9.70220848836615,9.75128151278144,999.749543663113,NA,NA,NA,NA,0.000995789140081732,NA,0
"Rotoehu",2017-08-15,1,10.82349968,2.74745667117791,0,2.48346441424978,10.7853512771901,999.655010948731,NA,NA,NA,NA,0.00301020727821203,NA,0
"Rotoehu",2017-09-19,1,12.83279991,0.507618163583613,0,14.2289087911161,12.6570764109016,999.448497042206,NA,NA,NA,NA,0.000556221237570091,NA,0
"Rotoehu",2017-10-17,1,14.69680023,2.12915006516685,0,10.0486265492094,14.6296551920488,999.183524097665,NA,NA,NA,NA,0.00233331978221115,NA,0
"Rotoehu",2017-11-13,1,16.02949905,1.00345027280877,0,13.0095152600681,15.8682983916422,998.993342311291,NA,NA,NA,NA,0.00109977838906882,NA,0
"Rotoehu",2017-12-12,1,23.55699921,3.86101089871552,5.16497720929924,397.451919723455,23.4599145797318,997.458426203725,16.5516050504588,998.880812655216,3.33977670236984,7.45017348815517,0.00423491062076074,0.338995825750465,1
"Rotoehu",2018-01-16,1,22.1760006,5.23015271669958,5.53233005540394,217.6214590024,22.152956648327,997.765497801533,19.0499836233068,998.424825657513,4.60348326204298,6.64121951027818,0.00702483910283994,0.0703321743277324,1
"Rotoehu",2018-02-21,1,22.75909996,2.3707902648695,5.56347691139441,124.562163476622,22.675365473602,997.644794125776,21.0524099536311,998.010759333769,4.97459221495004,6.24310539312753,0.00260013434519976,0.29326183821103,1
"Rotoehu",2018-03-20,1,19.61860085,0.778639133360249,0,29.4937964645633,19.3448751118194,998.366507371918,NA,NA,NA,NA,0.000853653938661423,NA,0
"Rotoehu",2018-04-17,1,16.73310089,4.32409377326625,0,13.8924614375283,16.5693223871354,998.877823970673,NA,NA,NA,NA,0.00473946740558615,NA,0
"Rotoehu",2018-05-15,1,15.16959953,2.80760828108196,0,15.2626313376725,15.0771059416635,999.116898996822,NA,NA,NA,NA,0.00307693970072513,NA,0
"Rotoehu",2018-08-21,1,10.88749981,3.94929045019482,0,2.9843823037736,10.8335897665588,999.650255742356,NA,NA,NA,NA,0.00432698766713939,NA,0
"Rotoehu",2018-09-18,1,13.38650036,3.52107560981016,8.4904377385724,54.6867399209696,13.0631629573702,999.397842345544,11.9183969822021,999.535343317078,8.4904377385724,8.4904377385724,0.00385830690579431,0.0883777408851019,1
"Rotoehu",2018-10-18,1,15.15509987,0.581530807438437,6.56778795102746,46.6816414976456,14.9994408257286,999.128632916382,14.2248867974828,999.241743495519,6.56778795102746,6.56778795102746,0.000637312809452286,2.13949784817577,1
"Rotoehu",2018-11-20,1,19.31500053,1.89212224763624,7.38879531889723,196.023343898592,19.2526677676019,998.384842472619,15.9461983529528,998.980784048109,5.2468978763384,8.19231519073155,0.00207439198507911,0.867831334621089,1
"Rotoehu",2018-12-13,1,20.62290001,1.13020439301924,4.54096047780092,171.380770121824,20.5374600736957,998.121254119795,17.904737171674,998.642398625076,3.59355842838299,5.58946815080799,0.00123924153854463,1.45317690291521,1
"Rotoehu",2019-01-15,1,22.51539993,3.11727006850545,7.70786801031592,250.179387269719,22.3671182601218,997.716345796733,18.8810997,998.457804203366,6.20474648249918,10,0.00341870406881919,0.491964213231186,1
"Rotoehu",2019-02-19,1,23.32500076,1.39275273469486,4.72913319882474,119.775863340256,23.1058714198767,997.543281123575,21.8729995410164,997.829054170194,4.7269899064953,4.73342754641889,0.00152756172836672,0.689157374003944,1
"Rotoehu",2019-04-15,1,17.4932003,2.59190597244576,0,34.275170774551,17.2216494019762,998.765314944485,NA,NA,NA,NA,0.00284104517580451,NA,0
"Rotoehu",2019-05-14,1,14.99370003,4.09680504295726,0,15.7373238482276,15.0154333681248,999.126222514484,NA,NA,NA,NA,0.00448978703754542,NA,0
"Rotoehu",2019-06-18,1,11.87220001,1.89756277893513,0,6.75845605995503,11.5847677175058,999.572299064522,NA,NA,NA,NA,0.00207912054506233,NA,0
"Rotoehu",2019-07-16,1,10.9619,4.75241254627584,0,5.77791060196221,10.7071439940564,999.662655536503,NA,NA,NA,NA,0.00520688543940049,NA,0
"Rotoehu",2019-09-18,1,12.4747,1.13506470740659,0,25.7847073759904,12.0827324813814,999.516618490725,NA,NA,NA,NA,0.00124370171648942,NA,0
"Rotoehu",2019-11-19,1,18.2163,3.13345714028451,0,48.7229458146127,17.9420714101304,998.635531747019,NA,NA,NA,NA,0.00343487450594274,NA,0
"Rotoehu",2019-12-10,1,20.7489,2.26182953380665,8.72335507770605,159.181931057663,20.7094252047048,998.084660241932,18.5302,998.52534113736,8.0309212451192,10,0.00248008635616853,0.661776693674293,1
"Rotoehu",2020-01-21,1,21.6821,1.70962359600001,7.05039231538791,51.4211406399881,21.6222608560333,997.885304147126,20.8599926896262,998.052367999558,7.05039231538791,7.05039231538791,0.00187478216287543,0.292699857195005,1
"Rotoehu",2020-02-18,1,23.5378,0.979525829164295,0,49.3759315069604,23.2604314387087,997.506388797617,NA,NA,NA,NA,0.00107435713517816,NA,0
"Rotoehu",2020-06-16,1,11.9573,1.13029545252558,0,5.06899923533405,11.7742059363519,999.551489759639,NA,NA,NA,NA,0.00123845439287439,NA,0
"Rotoehu",2020-07-21,1,10.8599,3.44626306889071,0,15.7868995511219,10.8170132670662,999.651893242853,NA,NA,NA,NA,0.0037758493003884,NA,0
"Rotoehu",2020-08-18,1,10.4507,4.40924141434782,0,1.10705237899123,10.4096839323729,999.690995983542,NA,NA,NA,NA,0.00483082839860451,NA,0
"Rotoehu",2020-09-16,1,12.1414,3.53125827574251,0,7.76560959633377,12.0309758971801,999.522552767788,NA,NA,NA,NA,0.00386922341328453,NA,0
"Rotoehu",2020-10-13,1,14.3211,2.35515523904476,0,0.0785948146042272,14.325455910018,999.227461201929,NA,NA,NA,NA,0.00258094043263022,NA,0
"Rotoehu",2020-11-17,1,20.2295,2.98336774132858,8.30418779620849,81.4350568145285,19.8353820513694,998.267450990875,18.5554615479978,998.520523661433,8.27896784066079,8.3186063698099,0.00327095038782093,0.179161047606981,1
"Rotoehu",2020-12-21,1,23.373,2.67554133774831,5.34770613867687,300.87241045343,23.3960739607748,997.473818200251,19.3257362448374,998.370320535444,3.87572717338843,6.93543858398018,0.002934617721287,0.53573822966455,1
"Rotoehu",2021-01-19,1,22.0304,4.47346586999387,8.5,129.287236111863,22.4075990996901,997.707003383125,20.7083,998.084900681076,7.03554802270012,9,0.00490606435704744,0.122207531252057,1
"Rotoehu",2021-02-16,1,21.078,4.70310402287681,0,0.492943557801087,21.0595118527063,998.009216304664,NA,NA,NA,NA,0.00515712824806164,NA,0
"Rotoehu",2021-03-16,1,20.3629,1.45103611257611,5.67167546076637,63.079714841351,20.3767710168783,998.155170429079,19.5978370917376,998.31574140602,5.67167546076637,5.67167546076637,0.00159099865938704,0.400973824496078,1
"Rotoehu",2021-05-18,1,14.6457,3.77244141770286,0,-1.28534761995742,14.7051354229265,999.172451378194,NA,NA,NA,NA,0.00413421350808485,NA,0
"Rotoehu",2021-07-20,1,10.6633,1.64980040307911,0,13.5898047490259,10.3077763855971,999.700436145921,NA,NA,NA,NA,0.00180753654888131,NA,0
"Rotoehu",2021-08-17,1,10.0663,2.71740262015035,0,1.95986901395331,9.99794168828722,999.728288792033,NA,NA,NA,NA,0.00297716991845558,NA,0
"Rotoehu",2021-09-14,1,11.8048,2.31819029633031,0,3.47650444530762,11.749690274317,999.554208618361,NA,NA,NA,NA,0.00254001645761364,NA,0
"Rotoehu",2021-10-19,1,16.0356,1.06511513462161,8.5,57.4358739060377,15.8373110945851,998.998318308489,14.9341263420155,999.138445832796,8.5,8.5,0.00116735997918866,1.0155220648765,1
"Rotoehu",2022-01-18,1,24.8134,1.85098514310623,5.63098245994997,70.1317538036466,24.343493649455,997.241313354032,23.0497046457825,997.556629328963,5.14057431293312,6.31562012049562,0.00203045526210963,0.276645204688119,1
"Rotoehu",2022-02-15,1,22.0485,1.33546241055299,0,26.7088562681843,21.7771201964898,997.850638765733,NA,NA,NA,NA,0.0014645004908255,NA,0
"Rotoehu",2022-03-15,1,20.885,3.89270184961551,0,22.2068618680472,20.7707259792375,998.071541371794,NA,NA,NA,NA,0.00426835888825982,NA,0
"Rotoehu",2022-04-19,1,16.9857,3.37422140945137,0,6.20886412623828,16.9345595947583,998.815421073752,NA,NA,NA,NA,0.00369846557124232,NA,0
"Rotoehu",2022-05-17,0,14.9185,0.710959161977677,0,2.9966311176709,14.9540345120799,999.135460140127,NA,NA,NA,NA,0.000779153618467102,NA,0
"Rotoehu",2022-06-20,1,11.8104,3.19698374252982,0,-1.06574997175875,11.8443878637408,999.543663940193,NA,NA,NA,NA,0.00350291956898165,NA,0
"Rotoehu",2022-07-19,1,11.1373,1.7225567160474,0,2.53756760817991,11.0811916638236,999.625369089982,NA,NA,NA,NA,0.00188731989722414,NA,0
"Rotoehu",2022-08-15,1,11.0505,2.04956748852044,0,15.4349512962847,10.7836319717749,999.65517986982,NA,NA,NA,NA,0.00224557588644934,NA,0
"Rotoehu",2022-09-20,1,13.3059,1.49330775461725,0,16.6570965946211,13.1501215049714,999.386729544959,NA,NA,NA,NA,0.00163633852098929,NA,0
"Rotoehu",2022-10-18,0,15.8705,3.85727725863724,0,27.1057337882787,15.3646987272239,999.072831632197,NA,NA,NA,NA,0.00422739573848421,NA,0
"Rotoehu",2022-11-15,1,18.9253,1.73132067797967,2.76806708139718,88.6180232824966,18.8565520365913,998.462572142462,17.5343603949533,998.709688080965,2.76806708139718,2.76806708139718,0.00189802637974791,0.193097830206879,1
"Rotoehu",2022-12-13,1,20.1095,3.46273527864895,4.49881819057199,92.0497308955456,19.9224238615508,998.249606962771,18.5480187363279,998.521943754886,4.49881819057199,4.49881819057199,0.00379656063752033,0.0814901555409007,1
"Rotoehu",2023-01-17,1,21.743,2.93628883116086,2.5829478460137,114.331204579805,21.7135834329969,997.864890979395,19.8258393138053,998.269402438379,2.03228579699979,3.25152027703531,0.00321998260012688,0.0826512297024275,1
"Rotoehu",2023-03-14,1,20.025,0.0797813261358822,0,11.7204319791401,20.0529821884938,998.222692142866,NA,NA,NA,NA,8.74738325195379e-05,NA,0
"Rotoehu",2023-04-18,1,17.5683,2.35466768143617,0,12.1208344362323,17.4966812312735,998.716448384109,NA,NA,NA,NA,0.00258106620683347,NA,0
"Rotoehu",2023-05-16,1,15.2835,2.00118410197563,0,7.96966745129658,15.281704329004,999.085648211854,NA,NA,NA,NA,0.00219319025176373,NA,0
"Rotoehu",2023-06-20,1,11.6918,3.14008356099006,0,5.89507443493517,11.5752839356691,999.573328741905,NA,NA,NA,NA,0.0034405232621146,NA,0
"Rotoehu",2023-07-20,1,11.242,5.41278902323008,0,13.3169439337244,10.8739750451595,999.64625124473,NA,NA,NA,NA,0.00726330332817471,NA,0
"Rotoehu",2023-08-17,1,10.4287,1.86711038773823,0,1.89940288888969,10.3611008917136,999.695513632886,NA,NA,NA,NA,0.00204562841012481,NA,0
"Rotoehu",2023-09-21,1,14.1273,3.30105285628692,3.28249909660372,23.7424564794994,14.0046991742657,999.272588865545,13.2579526362403,999.372819834073,3.28249909660372,3.28249909660372,0.00361743814755134,0.0168780776216184,1
"Rotoehu",2023-10-19,1,17.569,0.762647526712045,5.74453711939528,143.083209501796,17.0353976021283,998.797927136947,14.5682149237949,999.192487184735,5.6884978436996,5.86475909710452,0.000835941089741467,3.35262577476598,1
"Rotoehu",2023-11-23,1,19.4031,3.19996608263275,2.87091241223096,82.7326955621473,19.3395673712848,998.367565260104,18.0142096445708,998.622219926128,2.87091241223096,2.87091241223096,0.00350825187911314,0.0547314350293222,1
"Rotoehu",2023-12-20,1,21.9508,1.40524733765982,4.29811848469225,170.772322321413,21.8415921817649,997.83613492738,19.0574213070235,998.423366224186,2.36625720265382,4.95853159999736,0.00154103953516423,0.747072541274507,1
NA,2024-01-16,0,23.6332,NA,8.21877365227373,284.519438482379,23.7816566746064,997.380246979421,19.5178813157268,998.33186101004,5.7466317551173,8.65842380549551,NA,NA,1
NA,2024-02-22,1,22.9462,NA,6.65013517596225,141.433278151777,22.8468046836514,997.604589117203,21.5895658798781,997.892591781117,6.65013517596225,6.65013517596225,NA,NA,1
NA,2024-03-19,1,18.8173,NA,0,2.59787629796473,18.835009607597,998.466751014451,NA,NA,NA,NA,NA,NA,0
NA,2024-04-16,1,17.8031,NA,0,19.1364147510988,17.6963950481406,998.68043664576,NA,NA,NA,NA,NA,NA,0
NA,2024-05-22,1,13.4243,NA,0,10.4062264744755,13.2694073022704,999.371333825161,NA,NA,NA,NA,NA,NA,0
NA,2024-06-17,1,12.2754,NA,0,4.98076933282529,12.1271846880757,999.511494611107,NA,NA,NA,NA,NA,NA,0
NA,2024-07-16,1,10.2455,NA,0,6.48749478534332,9.89266028259485,999.737460954641,NA,NA,NA,NA,NA,NA,0
NA,2024-08-20,1,11.0055,NA,0,6.54196720003623,10.8471434588231,999.648914174139,NA,NA,NA,NA,NA,NA,0
