"month","year","air_temp_min","rain_min","air_pressure_min","shortwave_min","longwave_min","windspeed_min","air_temp_mean","rain_mean","air_pressure_mean","shortwave_mean","longwave_mean","windspeed_mean","air_temp_max","rain_max","air_pressure_max","shortwave_max","longwave_max","windspeed_max"
1,1999,16.4651,0.00316549,96684.2,103.539,296.832,0.233718589320576,18.6278193548387,4.59167014483871,97688.9903225806,277.132258064516,362.061806451613,2.24279585840853,21.1578,19.5849,98614.6,382.799,404.905,5.16112963670745
1,2000,13.0436,0.0671436,96448.9,158.782,301.584,0.392377948865835,16.1251064516129,4.28123661935484,97506.2387096774,263.177774193548,346.730290322581,2.23357951665951,19.1532,22.114,98557.2,344.17,375.202,4.72978229226716
1,2001,13.9476,0.0117791,96544.8,164.443,309.788,1.075428622041,16.4616677419355,3.39965060322581,97636.4612903226,285.990290322581,342.956129032258,2.76762217167516,20.1408,27.1344,98741.5,370.466,384.066,5.1699897426522
1,2002,13.0403,0,95948.7,180.216,307.69,0.661696982524667,16.8539129032258,6.2065124516129,97460.1548387097,286.010741935484,346.429903225806,1.95681722819803,18.7952,21.4931,98671.5,382.399,377.137,5.1045747390148
1,2003,11.9004,0.00171786,96713.9,126.999,289.564,0.866883334649479,16.3972451612903,5.59930005967742,97738.6193548387,288.866322580645,341.842129032258,2.83059642539632,18.432,44.7502,98484.5,370.009,387.775,5.56716430090005
1,2004,11.303,0,96933,166.65,316.976,0.668203130289735,18.2574258064516,6.45493493709677,97814.2774193548,286.052612903226,355.40535483871,1.84571504881113,21.3461,30.6194,98573.9,377.411,398.498,3.49710621681698
1,2005,13.6009,0.00446438,96748.4,101.334,316.915,0.634720896990953,16.7671129032258,2.05232300451613,97914.8580645161,291.131129032258,346.626903225806,2.23993252490803,19.9529,10.4779,98870.1,377.032,393.077,4.16767092617687
1,2006,13.3212,0,96335.4,167.167,289.978,0.638380687140518,17.5178387096774,9.77559303225807,97711.3096774194,269.341193548387,354.648129032258,2.7062555648741,20.3426,104.289,98698.8,381.29,409.512,6.46764501648011
1,2007,11.2667,0.00133743,96833.1,106.077,296.322,0.49935108778694,17.0000322580645,6.06748678870968,97764.6096774194,262.078935483871,355.881741935484,2.49969564370039,19.8218,37.7288,98738.7,384.302,404.138,4.46197494297088
1,2008,16.0311,-1.38778e-14,96969.5,134.097,306.947,0.413202621300979,18.3170516129032,2.68895325677419,98003.4064516129,292.605548387097,352.911709677419,2.20649441285186,20.8036,26.7556,98767.9,372.832,415.717,5.29614595241672
1,2009,15.4299,0.00198262,96794.9,223.823,309.494,0.208391660065848,18.3723387096774,1.12037973290323,97759.6516129032,310.686516129032,342.408903225806,2.1670136380416,21.7968,6.18578,98799.9,377.309,386.419,4.66758824647603
1,2010,13.743,0.0123276,96230.1,139.938,296.359,0.342140415263967,16.8160935483871,11.2970982354839,97452.1387096774,269.606838709677,351.05764516129,2.45888250370231,19.0408,48.9882,98319,385.859,393.842,4.67677795154955
1,2011,15.4981,0.0026507,96062,77.2714,309.73,0.329215119595076,17.8953806451613,19.6427861258065,97667.2225806452,278.026964516129,360.88164516129,2.61007132435675,20.5505,120.164,98380.2,382.427,408.532,6.30615638601676
1,2012,12.7219,0.0757834,96428,158.528,309.925,1.0425329113582,16.3846838709677,6.42717998064516,97571.4451612903,260.251,349.443129032258,2.74704324233116,18.7348,50.3743,99062,344.32,383.753,5.17905557264063
1,2013,13.8666,0.00279999,96267.3,217.377,301.967,0.852253031584517,17.5891,1.32638844806452,97777.2,311.430548387097,336.923225806452,2.72725010970968,20.6209,9.90918,99377.2,374.29,383.779,5.48077650689207
1,2014,13.5022,0.00175021,96477.4,173.73,300.343,0.594002806794715,16.4736709677419,4.78659522741935,97462.1,300.677193548387,339.502935483871,2.87269815950698,19.3357,29.2932,98255.8,381.611,385.906,5.48310204651527
1,2015,16.8059,0.00119122,96889.3,181.542,330.097,0.682293415141902,18.8937258064516,1.58918231129032,97844.064516129,303.244483870968,356.189419354839,1.77827522777985,20.8538,9.87107,98578.6,384.94,389.905,3.42537021714442
1,2016,13.1666,0.00522678,96798.8,91.3382,303.082,0.41011693008191,18.1026161290323,8.93888110580645,97852.6516129032,260.871458064516,367.351806451613,2.25123687778683,20.5947,40.1599,98619.8,367.951,404.889,4.77028871693318
1,2017,14.3368,1.38778e-14,96145.2,156.972,292.415,0.751852454039355,17.1159,2.95175624935484,97371.2935483871,311.785225806452,338.351774193548,3.28690820191136,19.7775,28.2587,98297.3,385.1,396.436,5.82395933876603
1,2018,15.7378,0.404082,95812.8,129.789,343.003,0.193543845295814,19.0225516129032,14.6148698709677,97829.5032258064,243.743419354839,376.161419354839,2.3742297547992,21.6633,94.1322,98367,329.306,401.788,6.92397037308797
1,2019,14.6509,0.00142585,96873.3,177.105,310.743,0.427171109062879,19.3937741935484,1.75156614354839,97700.5709677419,302.299419354839,354.144161290323,2.54679372805647,23.13,8.2899,98628.5,385.161,379.561,5.07702494101615
1,2020,14.0002,0,96770.7,170.11,305.255,0.614217005171625,18.2278935483871,1.22906796903226,97854.1612903226,320.134451612903,342.675096774194,2.48078000867936,22.3878,9.05376,98329.1,380.992,389.01,5.85924180828885
1,2021,13.3595,0.00153233,96624.2,157.3,305.843,0.14402488588435,17.8056258064516,2.76629638,97682.0806451613,293.873903225806,345.539322580645,2.08445394597801,21.6062,12.1378,98549.1,367.876,380.641,4.48918733870619
2,1999,14.2246,0,97281.1,107.835,299.689,0.751845810171873,17.2065607142857,1.08715812392857,98403.1357142857,281.5135,337.388107142857,2.20890171411364,19.5027,10.1912,99104.6,357.694,400.443,4.62986641086976
2,2000,14.067,0.00200806,97204.9,146.798,309.953,0.407576993303363,17.4120965517241,2.60327835862069,98090.2206896552,260.415172413793,345.693,2.0561220548515,20.0768,39.3812,98795.6,347.842,382.974,3.72046109692065
2,2001,15.1372,0.235264,96609.4,87.9926,324.063,0.453053459358827,17.9777035714286,17.13743525,97808.0642857143,220.431953571429,370.014107142857,2.00512939155482,20.0593,89.0071,98394.3,341.591,410.386,4.22806817509179
2,2002,13.9037,0.0201385,96243.3,103.846,315.734,0.48755152408848,16.1671214285714,3.68488141071429,97711.6464285714,237.983964285714,346.147214285714,2.67396034973633,18.9616,21.5655,98554.7,331.729,409.19,4.95926403328347
2,2003,13.3244,0.00343572,97141.1,104.122,300.875,0.534279826144503,17.1185178571429,4.85527532214286,97972.4928571429,242.999928571429,347.783428571429,2.28612501593529,19.1043,36.2022,98895.9,354.361,382.947,5.38986675183163
2,2004,13.2399,0.00178549,95152.1,61.316,296.77,1.132687408114,16.1766724137931,14.8790015686207,97108.8137931034,209.827293103448,355.620620689655,3.43316010923897,19.5075,103.548,98511.6,288.797,398.38,5.92550936375937
2,2005,15.6342,0.00287725,96541.4,132.198,304.831,0.121788567422234,18.2039,3.87339009107143,97721.8392857143,243.422714285714,359.444142857143,2.13841782200004,20.7139,19.9854,98747.1,319.953,407.327,3.98066224726489
2,2006,14.1151,0,96704.2,213.921,286.89,0.672609216904586,17.38765,7.93295850071429,97744.3642857143,256.015678571429,347.513821428571,2.13828705447445,20.1049,50.6548,98407.2,312.97,389.035,4.17550917533419
2,2007,15.0922,0.0278193,97532.6,131.351,317.509,0.551419515297754,17.1981678571429,2.38734458214286,98171.2464285714,250.022714285714,350.634785714286,1.93054380943869,19.5771,11.7369,99054.6,317.51,383.999,3.39725044035614
2,2008,14.3164,6.93889e-15,96073.4,137.342,286.741,0.529885093611813,17.1704620689655,4.26994848344828,97662.9379310345,246.093068965517,352.511724137931,2.65675601520854,19.0815,25.5429,98838.8,350.836,399.053,6.60980628963512
2,2009,14.6057,0.00209781,96725.3,108.975,317.423,0.0573679256466538,18.5598285714286,10.8570295289286,97728.3928571429,233.394,364.826214285714,2.14600133697712,22.763,46.5432,98414.7,337.37,407.016,4.47936332713702
2,2010,16.4449,0.180217,96721.4,90.5936,325.563,0.374359388824429,18.0793392857143,2.32553514285714,98298.5357142857,226.546914285714,361.814,1.7596573140081,20.1808,7.22845,99127.7,291.579,398.292,3.78563405052575
2,2011,16.0857,0.0561432,96711,144.456,329.932,0.335194862099645,19.0470392857143,2.04605564285714,97854.0857142857,237.507714285714,366.150678571429,1.86662978151055,21.9792,9.06913,98814.7,345.244,403.139,3.86526196913081
2,2012,12.759,0.082018,96730,98.615,307.673,0.405123092347252,16.2172482758621,7.71383028275862,97816.5137931035,217.904310344828,352.589896551724,2.01012595683454,18.9077,36.385,98306.1,321.131,395.778,4.56741116023374
2,2013,12.7313,0.00214423,96879.5,160.385,302.846,0.511976857430099,17.5264678571429,2.26876614428571,98132.1714285714,281.935535714286,335.863178571429,1.96974666129315,19.1237,26.7804,99055.7,336.535,398.671,4.50876212200478
2,2014,15.4642,0,96813.7,166.599,291.365,0.429257751893894,17.2357821428571,3.68989014285714,97666.3392857143,258.07625,346.571035714286,2.3325144946246,19.6778,41.5697,98503.5,352.386,399.061,4.39742698508582
2,2015,14.645,0.00120747,96577.1,169.307,304.809,0.600401493713165,17.30775,2.16304258464286,98056.6214285714,257.386321428571,348.361107142857,2.17787558488373,20.3633,9.92903,99143.3,344.03,389.971,5.66361792960118
2,2016,17.1821,0.00440883,97128,95.2879,333.576,0.615642714841977,18.7576275862069,10.5342412037931,97911.3310344828,218.306651724138,374.510896551724,2.33844655319,21.8492,69.3046,98459.2,296.481,403.986,5.77100659220729
2,2017,14.6736,0.00364205,96410.5,121.937,308.31,0.253790685257064,18.511275,6.55741526892857,97935.3785714286,236.117,364.562428571429,2.0495813098554,22.1373,56.7067,99323.1,349.079,398.819,4.40573747798255
2,2018,15.3563,0.305348,96252.5,85.032,339.013,0.947231093349453,18.2514392857143,12.2895906428571,97562.0464285714,207.268842857143,372.24725,2.38005035712766,20.9473,61.3098,98374.3,325.891,420.506,4.10842188798814
2,2019,14.0233,0.00154307,96398.9,137.062,300.139,1.03322840984412,18.4827428571429,2.17144593357143,97777.4821428571,276.502571428571,344.570642857143,2.30529889181221,21.8325,24.0149,98661,344.473,397.909,4.16684604670007
2,2020,15.7773,0,97482.6,156.55,316.3,0.376638440589911,19.4741931034483,1.71571130482759,98091.275862069,264.371655172414,352.024344827586,1.89104364839103,22.932,13.5865,98628.8,352.598,388.465,4.59648995377995
2,2021,13.7142,0,96975.7,107.541,293.835,0.14411931671504,17.3593714285714,5.17102120214286,98205.7464285714,258.558071428571,348.500178571429,1.83220452957384,18.809,52.5345,99346,348.998,398.289,5.63400337512323
3,1999,15.8032,0.00184683,97356.8,75.2572,297.19,0.370686076027951,17.0916258064516,3.80864746064516,98249.9580645161,184.66755483871,353.113483870968,2.27292783913887,18.1788,17.6538,99082.1,298.488,392.834,4.22671656437949
3,2000,10.2836,0.00182396,96819,105.375,296.702,0.287470241172989,15.6190419354839,3.32412456064516,97932.7967741935,194.691935483871,340.482129032258,2.19902723971944,19.9057,39.5162,98802.1,294.398,388.801,4.89374435703378
3,2001,11.975,0.00707209,96991.8,104.091,289.247,0.189894752547299,14.9454935483871,3.63929808677419,98420.6064516129,198.669225806452,336.964451612903,1.95863291166472,17.54,28.055,99169.6,250.924,382.998,3.88587803743247
3,2002,12.5179,0.00446613,96436.4,121.334,297.846,0.138922111260807,16.0878290322581,2.29976735774194,97604.6096774194,206.031258064516,341.382838709677,2.42093593922302,17.9224,23.599,98573.2,261.933,377.816,4.39286264771618
3,2003,14.2345,0.00156875,96650.2,83.8463,302.108,0.271432375897368,15.883264516129,7.86873378709677,98062.3516129032,190.117558064516,345.870129032258,2.05609328807308,18.6802,46.1008,99299.3,266.432,391.793,5.04901636540227
3,2004,10.9005,0,96772.1,116.425,282.636,0.0508612125415822,14.4481838709677,1.76418436258065,97738.6032258065,217.539419354839,324.890387096774,2.17629945014093,17.0812,9.37903,98589.6,286.081,368.317,4.24144979464569
3,2005,14.2165,-1.38778e-14,96726.2,99.0785,302.362,0.162050578589402,16.5124193548387,7.80007976806452,97762.4838709677,201.010209677419,343.780612903226,2.06777468451827,18.424,50.4959,98603.4,293.221,400.478,3.74928312685239
3,2006,11.9095,0.00104016,96536.1,78.9448,291.345,0.299070659109181,14.9436129032258,6.82339094258065,97686.5774193548,182.396587096774,345.097967741935,2.70583051200838,17.3321,31.236,98850.2,257.217,387.993,5.13370012670598
3,2007,12.0312,0.0242541,95961.4,56.2647,303.624,0.348047491473506,16.3477903225806,8.51133891290323,98067.2483870968,184.894629032258,350.67564516129,2.65843405234342,18.4272,44.5062,99144.2,278.254,396.359,5.7725627025265
3,2008,15.0893,0,96780.2,118.256,297.149,0.0788129021092359,16.4364903225806,4.17574844645161,98119.8483870968,200.866774193548,346.815483870968,2.11209601623445,18.9343,25.7244,98814.4,276.567,406.264,4.71822506355939
3,2009,11.3988,0.00159531,96998.3,56.2819,278.023,0.169276571434561,14.8528193548387,2.97083645483871,98021.4451612903,201.630190322581,333.866935483871,2.56955588431239,18.4928,20.0547,98902.8,262.587,398.057,5.66188016333797
3,2010,11.2231,-1.38778e-14,97064.1,143.92,288.052,0.914075363917002,16.0334612903226,1.05608493709677,97996.2741935484,216.8,330.203483870968,2.87786611949757,18.5033,9.48689,99689.7,294.01,370.989,4.34477982020953
3,2011,12.1384,0.00158287,97004.4,101.044,291.265,0.749758745645558,15.9304483870968,10.9393732906452,98044.6612903226,196.011516129032,346.015741935484,2.3488466684058,19.2808,88.7087,99141.6,266.458,402.844,4.43349495654388
3,2012,11.8255,0.0103425,96112.2,72.4643,294.198,0.92415840354779,14.6116741935484,7.94455546451613,97927.1451612903,187.681429032258,342.237903225806,2.7805345042631,17.5019,29.0003,98988.4,267.744,393.521,7.38879100676153
3,2013,13.4803,0,96432.6,132.75,302.958,0.234061618301677,17.0222838709677,2.62548689548387,98021.0096774194,213.180806451613,344.207838709677,1.72866939076021,20.4102,20.6327,99204.6,283.973,399.451,3.45468991275628
3,2014,12.6312,0.00113664,96739,106.787,287.98,0.529841945992387,15.7322612903226,4.77002877129032,98193.2967741935,219.063967741935,330.457225806452,2.12549627779384,17.7108,54.7805,98948.1,279.202,392.568,6.14640867943224
3,2015,12.4707,0.00155622,95417.3,111.98,297.33,0.356010316542934,16.1409290322581,4.44033583548387,97631.2967741935,188.225193548387,346.423129032258,1.98971832596687,19.5887,32.9326,98728.8,266.958,386.246,5.08831932679151
3,2016,13.4874,0.00204027,97541.4,85.0329,303.995,0.294500885166751,16.8936838709677,8.51012524,98351.7225806452,189.092351612903,352.999548387097,2.57073596747894,19.7182,68.5205,99114.2,262.38,402.453,6.94436213978649
3,2017,13.1648,0.00161209,96706.6,84.1794,304.919,0.577819869758734,16.8054967741935,15.5355182029032,97906.6903225806,184.588148387097,356.102161290323,2.54201862986363,18.742,73.5098,98964.9,280.31,397.736,4.81439347567271
3,2018,14.7387,0.00872248,96610.9,123.788,310.707,0.498158804875473,16.6220193548387,5.92574880903226,98015.8419354839,194.557967741935,350.529612903226,2.29506205838598,20.2471,41.1178,99070.4,264.916,383.153,4.34262775769015
3,2019,14.6538,0,97963.4,104.058,303.541,0.33265326005467,17.4058419354839,3.81070988387097,98560.2064516129,188.920290322581,357.938483870968,1.76306699784857,20.2192,10.2052,98995.5,292.454,383.197,3.73050450744936
3,2020,12.4442,0.00145814,96816.1,116.03,291.117,0.502117458924702,15.6479322580645,2.80379167870968,98014.9129032258,197.878,335.724580645161,1.95001431074443,19.5964,13.8465,98799.7,270.963,385.307,4.72596271962962
3,2021,12.598,0.00150259,96346.2,88.5574,285.632,0.116755964589609,15.3379806451613,4.29512390612903,98104.9290322581,197.295419354839,338.211483870968,2.02227618919545,17.5103,15.7531,99496,278.554,386.021,4.4547590025163
4,1999,7.63365,0.0015136,95976.2,62.2112,288.946,0.314228399050754,13.606825,8.47258033566667,97819.3866666667,135.0523,330.6727,2.67879919891598,18.7771,73.6037,98878.8,191.026,401.785,5.72456858842655
4,2000,9.68954,0.00148759,96429,76.8312,277.401,0.647067920800437,13.66492,7.142101822,98031.6733333333,128.912163333333,336.8998,2.34201109000897,16.7289,38.9003,99349,191.569,383.641,4.38639583006368
4,2001,9.9633,0,96456,54.6074,278.154,0.334366606742973,13.11103,11.846734649,98416.4466666667,144.30969,326.4947,2.39554049177475,17.0236,94.8448,99443.3,209.156,392.748,4.53976235405555
4,2002,9.35415,0,96306.7,39.8167,267.323,0.278531464223776,12.8189093333333,6.67058349333333,98205.5733333333,145.446403333333,321.406366666667,2.01100916312057,16.6013,60.4204,99315,216.697,394.889,4.30542078989964
4,2003,8.87793,0.000992617,96719.5,58.5692,270.366,0.116806411110435,13.4354966666667,4.5389451079,97975.3966666667,145.92216,329.782833333333,1.94113166929045,16.7661,38.9245,99302.6,203.811,377.532,3.51804840829415
4,2004,8.79188,-6.93889e-15,97225.8,53.5539,275.778,0.350269375833001,12.3567796666667,4.80220118933333,98262.0966666667,143.738953333333,322.495466666667,2.08334314229164,15.4944,36.9878,99637.7,217.479,374.991,4.74093097258334
4,2005,7.64243,6.93889e-15,96978.8,111.203,257.165,0.346307648612632,12.9435373333333,1.133637111,98215.5233333333,157.183166666667,318.832366666667,2.26570032490689,16.1426,7.87773,99106.8,194.189,353.643,4.53912126897927
4,2006,11.4799,0.0206671,96084.5,72.9044,298.177,0.394504514909133,14.1461433333333,8.75741241,97649.26,131.879626666667,340.8548,2.49524341748518,17.2319,55.0965,98977.5,175.257,389.451,5.75337023381948
4,2007,9.62216,0.0032726,95692.7,71.6294,290.017,0.100133989906974,12.7776453333333,4.74751788,97905.9233333333,142.605066666667,325.360733333333,1.79723517189776,15.6859,36.5308,98961.8,184.61,380.296,4.20801770862481
4,2008,9.33432,6.93889e-15,96671.5,28.5653,274.626,0.47013994852968,13.713462,10.4862160043333,97986.5733333333,135.361996666667,332.908466666667,2.66500504311656,16.7974,45.3876,99026,200.985,394.191,4.77166574797523
4,2009,8.31919,1.38778e-14,96845.9,44.051,271.571,0.279711059548957,12.547845,3.30909462166667,98425.5466666667,152.519876666667,320.827166666667,2.24356758354254,15.4043,19.1766,99491.5,229.491,377.857,6.05611176827178
4,2010,10.8212,1.38778e-14,96907.6,99.9483,284.671,0.161168995895489,13.8178433333333,2.89614292766667,98104.2833333333,156.82671,323.7543,2.23561665116802,16.134,14.9227,99035.5,201.487,365.892,4.02700386442576
4,2011,9.05342,0.00180947,96365.7,52.0978,273.144,0.518536412285579,13.0082736666667,12.1741047873333,97986.4866666667,128.548056666667,335.056,2.66882272912156,15.1088,109.593,99010.6,183.282,377.952,4.89548549103151
4,2012,10.8004,0.00211159,96833.7,71.0806,278.845,0.34002290974874,13.5300433333333,4.35342526866667,98220.67,145.762386666667,328.267666666667,2.44934489863196,16.9228,40.7865,99684.6,187.903,374.358,6.09059683146077
4,2013,11.0316,0.00104565,96734.9,58.2888,276.303,0.101095511903002,14.42061,8.65488924833333,97826.9533333333,141.974293333333,335.796733333333,2.54104294854932,17.6176,43.2438,98837.1,206.092,392.898,5.69993409065403
4,2014,10.1822,0.00192852,96739.4,45.7432,279.468,0.437092808126604,14.61285,8.45788133033333,97768.6766666667,128.401863333333,344.837,2.43551016533108,19.2263,50.4404,98738.5,185.209,381.52,4.56666693442822
4,2015,8.02299,0.00426057,95575.8,63.9343,263.096,0.226388527377802,13.592941,6.32661858566667,98051.61,133.3279,337.415966666667,2.39401077860024,17.6881,35.1746,99091.1,213.719,388.066,5.31779042314569
4,2016,12.1543,0,97593.7,81.4773,292.137,0.252074041702036,14.0868466666667,2.87828349333333,98299.6733333333,139.302716666667,335.577633333333,1.75591227076702,17.427,14.5585,99151.8,195.197,383.344,3.21409228820907
4,2017,11.6492,0.00523799,96360.8,52.2125,294.495,0.20384587777262,14.3692766666667,17.4624683583333,97902.8,134.495583333333,342.196066666667,2.10358178243436,19.0625,94.221,99037.2,194.957,395.289,4.1384829429756
4,2018,7.93746,0.0227612,95652.5,47.5113,296.425,0.364195621754298,13.7061953333333,9.40248497,97585.64,133.204723333333,336.053833333333,2.61079544131509,17.5642,60.6544,98427.9,215.255,380.54,6.12827392090954
4,2019,10.2234,0.00140586,96829.2,71.5233,277.183,0.178487639418224,13.0734633333333,3.11982612433333,98111.0166666667,154.821786666667,316.642966666667,2.27828485406393,16.6754,15.5713,99583,197.332,363.088,4.0410840215076
4,2020,10.7463,6.93889e-15,96704.6,90.6002,289.796,0.398015434135095,13.48198,2.34906471533333,97953.1166666667,152.989306666667,321.245566666667,2.08763601064968,16.1424,14.3931,99575.1,215.778,375.56,4.84105054084968
4,2021,9.94791,0.00436244,96850.1,100.227,288.26,0.0713091444360988,13.9077336666667,8.67951111466667,97751.34,149.6479,329.366333333333,2.01324684651146,18.3668,73.369,98844.2,220.68,390.381,4.04271339188174
5,1999,7.84966,-6.93889e-15,96732.4,38.5559,267.462,0.215732991728201,11.5672829032258,2.40154416290323,98466.0064516129,101.835093548387,321.167677419355,2.44831837977825,15.8293,11.1515,99569.1,149.23,381.191,5.82547355453615
5,2000,8.61385,0.00148759,96594.9,44.2764,274.688,0.688806071706689,11.5166777419355,9.50249004,98217.7709677419,95.2548870967742,327.605870967742,2.52905051901943,16.168,58.6496,99319.4,160.045,390.048,4.92998992960432
5,2001,5.34941,0.001072,95756.9,47.9337,272.396,0.16581214346374,11.4618332258065,9.94458948967742,97280.9161290323,89.2357903225806,328.174903225806,3.08162552639841,15.588,42.4844,98808.5,136.287,378.805,5.23678589206204
5,2002,6.86216,0.00198873,96045.6,56.211,276.97,0.49854341017111,10.9625993548387,2.36084797193548,97399.7580645161,101.096841935484,312.146129032258,3.28110356198987,15.0167,16.399,98490.6,136.581,362.927,6.25863259295511
5,2003,7.61961,-1.38778e-14,96973.2,28.7756,275.649,0.577430652946308,11.4259048387097,6.22248882612903,98039.0838709677,101.261629032258,321.622290322581,2.41018272742466,16.0166,49.6836,99237.2,140.141,394.508,5.52408796347415
5,2004,7.79706,0,95853.4,41.7026,267.194,0.0746275325402763,11.32958,9.19306865580645,97520.2612903226,99.2254387096774,320.114774193548,2.70371404254592,16.8671,38.6234,98917.3,135.424,386.96,4.35475568917477
5,2005,7.26567,0.00106442,95801.9,34.8868,272.579,1.09365829445399,11.7272877419355,9.22958480258064,97632.3322580645,91.3258161290323,330.656612903226,2.53396765503065,14.7541,43.4094,98733.4,140.911,377.878,4.57833748608597
5,2006,7.36203,-1.38778e-14,96041.2,32.677,254.616,0.53850523761334,10.6106838709677,7.49301633129032,97650.0806451613,95.9599064516129,317.373677419355,2.53012252056643,14.3831,33.6918,99206.8,140.034,375.04,5.74144127913018
5,2007,8.02614,0,96983.4,62.0194,261.366,0.365224180914955,11.7947096774194,1.88569265129032,98293.435483871,108.081264516129,315.577419354839,2.12038683115028,14.37,15.8688,99332.6,149.755,363.447,3.99224342546656
5,2008,7.01552,-6.93889e-15,95722,50.2825,262.744,0.254742606901182,9.45001064516129,4.53936319516129,97570.8225806452,106.161170967742,303.449548387097,2.37012840951882,12.3548,38.1885,98958.7,139.775,357.977,4.06771916907989
5,2009,4.68693,0.00221186,95434.4,63.264,249.608,0.850197689371125,8.89819483870968,3.88502394451613,97136.1129032258,103.925687096774,301.668225806452,2.96022658204588,13.2741,14.1028,98038.9,148.404,345.15,5.16047623505128
5,2010,7.28449,0,95735.9,33.5686,268.526,0.355431243428318,11.1791358064516,16.7180724516129,97659.4032258065,100.288661290323,324.237806451613,2.27413683139892,14.7956,96.2202,99402.9,157.106,377.504,5.52774403373564
5,2011,7.18458,6.93889e-15,96557.4,38.8247,276.18,0.038904293667666,12.2752467741935,12.839929256129,97752.3903225806,92.3446709677419,331.745483870968,2.79135828069103,16.4698,59.4177,99011.5,124.562,386.313,5.67581309950821
5,2012,5.6245,0,95585.3,56.6386,253.253,0.293898797779099,9.80811483870968,5.41295749387097,97877.5967741935,110.960112903226,303.762290322581,2.75826390518821,14.3349,34.5214,99468.1,146.882,372.892,4.60909308989307
5,2013,5.2439,0,95417.6,44.0197,249.622,0.196619457244724,11.0851019354839,7.91675512935484,97569.9580645161,101.460987096774,321.976096774194,2.24537398190986,14.1426,39.0734,99234.9,139.492,374.399,4.58015255313619
5,2014,6.08711,0,97035.2,50.6603,249.336,0.696320988981375,10.84051,3.29496391419355,97931.264516129,107.002132258065,315.409806451613,2.27413350408648,14.809,14.8212,98923.1,142.162,365.592,4.95165698282908
5,2015,6.07096,0,95525.8,49.1471,256.809,0.613640149470355,10.608925483871,8.75821464741935,97761.7741935484,104.359074193548,313.152161290323,2.5906518118636,15.796,41.5342,99307.7,148.103,382.553,5.70643118463721
5,2016,6.95943,0.00954706,95841,60.2122,272.243,0.452815833442251,12.8763174193548,3.49003047612903,97337.2,95.1450483870968,334.299903225806,2.6568694860635,16.7501,16.23,98806.2,127.441,386.564,5.39283229030803
5,2017,5.60693,6.93889e-15,96766.5,37.8025,252.873,0.60563800578646,10.4337390322581,8.23548740419355,98115.3322580645,101.621225806452,318.830483870968,2.44426622324093,15.4288,48.6997,98963.1,157.991,384.853,5.48561121413503
5,2018,6.65643,0,96089.3,40.3768,265.176,0.472957072894613,11.33486,3.67995790406452,97689.8806451613,101.516938709677,317.351548387097,2.6153710920877,15.4704,26.5863,98953.4,156.644,376.686,4.48531609242872
5,2019,9.77767,0.00179229,95971.3,43.6109,287.038,0.340699014476121,11.7210996774194,3.28707633032258,98190.3548387097,100.283706451613,322.797483870968,2.21829178961236,14.8687,14.9674,99069.6,155.863,366.587,5.21913948098726
5,2020,6.99561,0,96582.8,32.291,257.549,0.551944991328846,10.8067864516129,5.9874544516129,98378.2064516129,104.116929032258,313.979,2.31940154295263,15.7539,40.9475,99208.2,132.925,381.824,5.76617428622661
5,2021,7.40161,0,95410.8,60.2884,263.603,0.225243476915537,11.0928303225806,5.41679644322581,98031.2419354839,103.263325806452,318.442064516129,2.40297418023981,15.7281,28.4708,99639.3,162.478,384.073,5.24833485297956
6,1999,4.98345,0.00115258,95576.5,36.9924,251.005,0.883552537889197,8.722963,3.56212932066667,97726.2733333333,86.5104133333333,300.392166666667,2.39794540057585,13.7709,15.1299,99346.5,111.016,369.74,4.49467302843043
6,2000,4.79415,0,95825.5,32.7958,247.19,0.796621247884464,8.92498566666667,4.84694403166667,97861.2066666667,84.2850333333333,305.562666666667,2.89304617670023,11.3861,35.1584,99167.9,110.995,354.009,6.03878055223279
6,2001,4.40635,0.00119424,96092.3,35.8688,249.372,0.681373265648132,7.968477,2.63881805066667,97981.7766666667,85.7309066666667,302.937033333333,2.03027553528565,13.0409,12.0912,99280.4,118.47,371.879,4.27390458308325
6,2002,7.49985,0.00150161,94885.4,19.1093,276.738,0.779158728718353,10.6948936666667,9.858161808,97205.76,69.20658,326.907966666667,3.3198485627298,13.3695,70.0244,98258.3,99.224,366.515,6.14039197293626
6,2003,5.12013,0,96022.9,29.432,251.262,0.925657599548019,10.4503713333333,8.342599028,97845.02,81.98777,321.005433333333,2.83648434834006,13.6052,40.0994,99518.7,111.059,373.33,4.9912580507323
6,2004,4.83141,0.00178592,95742.5,36.6264,254.359,0.206421473375252,8.92168466666667,12.444204761,97844.9733333333,76.8170466666667,311.770933333333,2.8940052583354,12.8127,69.5418,99201.4,112.423,362.765,7.02258706450123
6,2005,4.25753,0,96192.7,46.2118,245.444,0.843802795009592,8.40060066666667,6.29980763366667,97854.87,88.1926833333333,298.725266666667,2.97841798285117,11.7985,38.5276,99172.5,113.591,362.505,5.07335356435957
6,2006,4.5789,-1.38778e-14,95878.8,52.673,246.888,1.35395064364437,7.051766,5.941177253,97777.57,91.3020433333333,288.627933333333,2.94204209282324,11.1317,25.976,98661.5,116.804,334.473,6.13957024298118
6,2007,4.51115,-1.38778e-14,95271.4,21.772,246.655,0.60214233445756,8.72345433333333,7.747111985,97354.4133333333,77.4905733333333,306.9938,3.24279230968255,11.6598,47.7022,98880.7,111.331,362.604,6.48139554675214
6,2008,5.49136,0,95621.9,26.26,263.699,0.880515343269497,8.55130766666667,7.09030817633333,97813.9166666667,82.71102,304.124433333333,2.9174606139593,12.8117,40.6247,99562,115.179,371.748,5.31689513546402
6,2009,3.14667,0,95767.5,17.2714,237.784,0.733982808110653,6.88296333333333,9.580791354,97880.2033333333,83.8043966666667,293.626,2.84593277511382,11.8917,42.4359,99215,117.752,360.955,5.87556237364561
6,2010,5.23982,0.00372203,95759.2,40.5774,263.998,0.805394322459502,8.78954166666667,11.640579949,97615.0133333333,78.72861,313.870666666667,2.77384360943346,13.9089,40.5627,99173.8,109.586,370.149,5.88380823135833
6,2011,6.74526,0.00124521,95759.6,39.6446,264.193,0.16527589719342,9.872736,10.835822913,97602.5133333333,76.7481566666667,320.672633333333,2.46382907989342,13.5991,57.7541,99296.8,110.04,376.163,5.25400925612051
6,2012,4.44351,0,95764.3,49.7687,247.254,0.472657595205028,8.04799433333333,5.72827866733333,97573.2366666667,87.9654033333333,298.303033333333,2.68442066885327,12.9741,30.8134,98735.9,113.42,357.196,5.29125716058103
6,2013,4.76431,0,94841,28.2369,262.177,0.430270405240704,8.74779666666667,7.405849298,97489.1833333333,80.3655466666667,307.5679,2.58077800736133,12.2365,29.2667,98901.4,107.627,361.691,5.8627197476342
6,2014,7.9524,0.00197471,96869.1,28.3865,275.435,0.19051155594609,10.185099,11.046683635,98153.7433333333,70.50501,327.1845,2.69628339821142,13.5561,58.2342,99268.6,108.956,371.065,5.49995432579444
6,2015,4.89858,0,95749.6,37.9168,249.62,0.359247544974214,9.02136866666667,3.78522109433333,97803.0333333333,82.96099,306.348466666667,3.37112287917611,13.3584,30.6743,98879.3,108.472,365.977,5.9207914294274
6,2016,6.0994,0.00146538,96307.5,28.2523,260.03,1.02433830309815,9.772245,9.05550296266667,98083.7566666667,80.0654833333333,317.5237,2.70362160936586,14.7774,55.3196,99623.5,117.634,383.408,5.25351820266191
6,2017,6.17103,0,95922.1,19.2432,263.39,0.570832388959316,8.85974166666667,7.582538488,97960.9966666667,84.6796833333333,306.841633333333,2.38282514628263,12.9212,52.2134,99167.7,110.259,376.83,5.78400721427489
6,2018,5.16288,0,96060.1,22.609,252.14,0.740606008229072,8.67098066666667,6.46229065166667,97710.3,79.3997766666667,310.6044,2.87633891189853,12.0373,23.2736,99137.4,110.026,364.064,6.47593723196882
6,2019,5.79214,0.000833011,95628.9,37.501,258.984,0.597858578004029,8.55101866666667,5.18221282203333,97764.9,85.4811,304.328533333333,2.16503565056464,11.5815,32.6082,99887.3,118.472,348.587,4.48509575845377
6,2020,6.48583,0.00113436,96392.5,27.6869,268.056,0.277688841513302,9.92357966666667,11.3836962076667,98146.0466666667,74.6422833333333,321.105966666667,2.33599511177089,13.0094,42.0485,99944.6,105.155,362.668,4.62664974773323
6,2021,4.64372,0.00203783,96179.2,22.676,257.533,0.470757300086786,10.099959,7.19158084366667,98199.72,72.90472,325.2735,2.20989399593594,13.1739,40.5427,99579.8,114.841,374.608,4.16174111220292
7,1999,4.69154,0.00174541,96409.4,49.1586,247.422,0.446253690037405,7.96973709677419,6.82348616612903,97604.6129032258,95.2125064516129,299.285677419355,2.68902948964115,12.7426,38.4461,98832.1,141.303,359.595,5.97499676525067
7,2000,5.78493,0.00221132,97050.5,39.4557,273.462,1.17972056358656,9.38542774193548,7.14079910258064,98056.9741935484,81.7479838709677,311.816709677419,3.56615441677584,12.2546,42.5457,99155,115.282,366.038,5.72071260288436
7,2001,4.1054,0.00119424,94988.1,47.6202,244.129,0.769136511652515,6.53774161290323,3.04620626419355,97756.4967741936,92.4226096774194,290.480838709677,2.53023264781646,11.2842,20.8848,99341.7,125.307,358.595,4.27074795099172
7,2002,4.5389,0,95360.8,53.6906,250.255,1.25409935669181,8.43322,6.66378853612903,97315.1516129032,90.225435483871,304.964548387097,3.28968423541433,11.4069,53.6657,99144.9,123.65,352.142,5.46995175624977
7,2003,3.72422,0,95888.1,53.5947,249.899,0.706135438218477,6.92664838709677,2.32909695,97942.8,96.4955161290323,291.323322580645,2.36952694676503,10.2866,10.0871,99639.7,128.418,341.212,4.6242753768915
7,2004,4.73336,0.00167932,96257.3,14.6343,253.269,0.699890951031659,7.29337096774194,13.3369204058065,97857.8064516129,90.4902193548387,300.263032258065,2.5427421696512,11.2594,103.79,98837.5,119.561,359.947,5.31669436324865
7,2005,6.03037,0.00439603,95955.7,44.5053,255.824,0.544682045492597,8.65531612903226,5.86892776903226,97811.1967741936,84.9980548387097,315.886935483871,2.4928891944312,11.3278,24.0785,99406.8,131.818,359.746,4.91002166653061
7,2006,4.91893,6.93889e-15,95818.4,59.3376,245.176,0.637846654162268,8.01297161290323,7.24790026903226,97848.1451612903,95.2469258064516,301.78164516129,2.5127214960082,10.8041,39.0413,99322.8,137.71,354.056,4.72562841740652
7,2007,4.37566,0.00429354,96151.7,41.3924,256.916,0.791712338306029,8.35239387096774,10.2831268625806,97440.2580645161,78.7352709677419,317.192258064516,2.93808420691811,12.0003,54.2145,98533.9,114.519,364.779,6.31781780605456
7,2008,4.27394,0.0015995,94511.5,29.3596,243.9,0.657512089307109,8.09300612903226,12.7330549516129,97474.0935483871,81.6561419354839,314.380193548387,3.14074706579275,11.6899,78.7818,99464.5,122.303,362.431,5.77913016064702
7,2009,4.01146,0.00106008,95369.8,38.1936,253.569,0.550655917594182,7.03810580645161,8.4067262216129,97181.4774193548,87.3689193548387,305.020612903226,2.60646861842364,10.9992,35.3197,98668.4,122.128,353.518,5.53283470442593
7,2010,4.2199,0,96493.7,40.5528,249.075,0.490220556918006,7.42591709677419,5.11949208580645,97906.6064516129,93.0064935483871,297.006741935484,2.63642812244607,10.2696,29.9255,99425.7,130.294,352.328,6.06366001894071
7,2011,3.45895,0.00128282,95088.4,40.3466,241.557,1.15631346929974,7.88408741935484,4.51346569,97284.835483871,91.3069387096774,302.565967741935,3.42893510313184,10.5308,14.4805,99135.2,138.695,343.899,5.90066393353324
7,2012,4.44822,0.00242933,96020.1,17.4219,248.741,0.187298662507237,7.75127419354839,12.8601192954839,98089.1064516129,89.941364516129,306.702,2.42288350958864,12.3522,62.7618,99602.9,124.381,371.701,7.29517296121895
7,2013,4.1976,0,96451.8,69.7641,246.787,0.338632871058024,7.87828193548387,2.48085009064516,98288.4709677419,96.9619451612903,301.856548387097,2.15663922603064,12.2004,14.165,99175.7,132.147,360.864,4.40580736960889
7,2014,5.13782,0.00131781,95645.3,54.2372,251.915,0.313349210849493,7.6580035483871,3.5492413516129,97415.564516129,98.3884580645161,291.519709677419,3.10362517653812,10.9722,31.2664,98884.2,128.609,338.775,6.70334262067067
7,2015,3.28648,0.00128452,95571.7,47.3457,236.34,1.18012540023338,7.19631612903226,6.58168270580645,97908.4806451613,96.3351774193548,295.236387096774,2.66885863018097,11.1645,39.2909,99425.9,128.798,352.035,4.35937549244155
7,2016,4.47185,1.38778e-14,96252.5,38.4949,240.279,0.87486091560316,8.1538164516129,6.82302332258065,97438.6258064516,94.6758322580645,297.896129032258,3.51493102162277,13.1187,25.4226,98630.9,116.144,352.931,5.77351375251675
7,2017,3.66452,0.00180849,95165.7,40.6547,241.44,0.225391891689209,7.5902064516129,7.66185441580645,97274.7419354839,84.8868322580645,304.528709677419,2.39007780797722,11.6128,50.0119,98947.4,137.763,360.989,5.37653494371607
7,2018,5.21746,0.00226753,96392.6,61.9712,251.915,0.579330831611783,8.14400806451613,5.46123566612903,97821.1709677419,90.4239677419355,304.934806451613,2.51832546061753,11.7096,26.9586,98985.3,123.611,346.545,5.84059936105876
7,2019,5.60722,0.0221629,95738.9,46.1971,265.344,0.682555487099034,8.91558258064516,7.90508640967742,97592.8193548387,82.4092580645161,314.412419354839,2.41732951538264,13.7043,62.195,99404.6,125.806,374.894,4.20364179216177
7,2020,4.78576,0,96053.2,21.9334,250.98,0.521961995566727,8.24030774193548,5.71302099419355,98095.3129032258,84.2874548387097,308.699612903226,2.60864799008958,11.4247,29.7454,99909.9,125.569,362.194,4.91033353597289
7,2021,5.3847,0,95954.5,52.622,259.057,0.322005021382291,8.18836548387097,7.66751619225806,97876.5903225806,92.9696612903226,303.724741935484,2.56011155150351,11.9115,36.6471,99933.9,119.889,355.672,5.78733583529589
8,1999,4.88031,0.0022614,96329.1,65.681,263.801,0.712660841516772,7.91479806451613,5.74100677096774,98128.4096774194,126.210451612903,299.333064516129,2.46593880769662,11.5846,29.2534,99337.5,171.866,357.691,5.1638614489256
8,2000,4.97593,0.00314288,95178.3,46.821,258.391,0.363262585721404,8.1655335483871,8.59245747290323,97410.1838709677,129.476732258065,304.369387096774,2.48056019554323,10.7521,42.5954,99102.7,181.602,351.87,5.25645526348318
8,2001,5.7264,0.00983561,96260.9,50.3489,273.007,0.642500376766426,8.39618258064516,5.47738467774194,97398.6903225806,117.638732258065,308.836225806452,2.44435127897067,11.5821,23.0114,98365.4,177.153,356.389,4.57943857731491
8,2002,5.04174,0.00273294,95729.2,58.4498,247.29,0.555254608432024,8.35548612903226,4.27697673290323,97489.7419354839,128.695248387097,300.198258064516,2.92770688241739,11.662,26.6872,99413.5,186.92,350.504,5.48991491574323
8,2003,6.4002,0.0095027,96028.5,77.1278,267.617,0.27628529153757,8.36296290322581,4.34417606774194,97624.1709677419,126.08094516129,303.163129032258,2.58218422088827,10.3661,18.6485,98555.3,174.718,336.411,5.51021174657562
8,2004,3.79296,0.00150163,95415.3,73.8105,245.389,0.80343522514886,6.94700290322581,4.1864984783871,97046.0677419355,129.602548387097,291.251225806452,2.85949668932541,10.4539,21.3923,98434.6,186.746,351.749,6.18056695913894
8,2005,5.99819,0.000917313,96841.1,66.401,261.707,0.268914528342167,8.39209451612903,3.64897378203226,98171.8806451613,130.864406451613,300.113580645161,1.83399716009289,10.5603,24.7904,99588,180.085,353.127,4.36383167614197
8,2006,3.90442,-6.93889e-15,95569.8,44.1371,240.331,0.527939579075334,8.08204806451613,7.42115928193548,97628.9064516129,129.6893,297.702806451613,2.65116110619078,12.4765,70.7074,98715.8,186.943,365.037,4.4972041795987
8,2007,5.2094,0,96214.9,83.8983,267.899,0.906702523659221,8.6007535483871,7.48933761870968,97690.9161290323,126.166558064516,303.367774193548,3.03950499026983,11.8665,42.5199,99566.9,190.227,365.728,6.15917801275462
8,2008,3.31007,0.0794078,95553.9,59.3798,244.85,1.14376333638879,7.96744935483871,6.39952224516129,97297.7709677419,121.926751612903,303.867677419355,2.97678920065097,10.666,35.3878,100033,170.529,349.492,5.09224926727865
8,2009,5.7432,0.00184941,96147.3,29.4228,272.053,0.684927369469201,9.09503838709677,10.6130993164516,98025.4451612903,110.980190322581,316.053516129032,2.84876194975424,12.0237,53.0799,99535.7,159.436,363.291,6.18070575628706
8,2010,5.31335,0.00416587,96324.7,39.0724,255.104,0.411242913762657,9.15573290322581,14.076836753871,97371.0870967742,109.165687096774,321.925741935484,2.48868767652435,12.5892,71.3989,98988.2,157.786,375.927,5.31567874660997
8,2011,1.90994,0.000628917,95890.9,60.7323,243.072,0.357998447957865,7.36319419354839,1.90582784087097,97888.2967741935,129.540793548387,290.462,2.35363530269085,12.1716,12.8834,99356.3,179.776,355.765,4.41364306236923
8,2012,6.63297,0.0349542,96332.7,79.7563,264.681,0.311357077969973,8.49700870967742,7.31493471935484,97670.9709677419,123.703629032258,307.041967741935,1.90393498477055,11.2452,39.6691,98965,183.299,345.005,4.38227242685801
8,2013,7.61696,0.0203695,95565.6,59.5353,271.269,0.184024242639088,9.38097032258064,8.10481554193548,97409.6903225806,113.09465483871,316.526838709677,2.72781393993952,11.1963,39.3036,98710.4,165.687,349.048,4.81101789625647
8,2014,4.24266,0,96437.7,44.4142,254.307,0.27695339545716,7.93261161290323,5.61986528129032,98137.4483870968,128.715174193548,298.996935483871,3.05905820632233,13.1704,32.8267,99444.2,167.646,365.431,5.5205966588857
8,2015,3.941,0.00145686,95996.3,57.4352,242.874,0.475414748691077,8.04196548387097,8.43043091709677,97930.9903225806,121.835541935484,306.457903225806,2.32454906002132,11.5011,40.9115,99356.1,184.393,361.478,4.71312578172915
8,2016,4.07703,0.00119941,96022,54.8945,237.233,0.481361662885704,8.09153870967742,4.05582964741935,97724.3322580645,125.881951612903,302.381258064516,2.32823324631665,12.4504,21.9216,98924.2,176.807,370.723,5.56895293088387
8,2017,5.78914,0.00130945,95090.7,45.4197,258.344,0.345805818095937,9.34357096774194,6.82240499193548,97669.7870967742,115.651051612903,318.776451612903,2.11677739861076,12.0908,22.8813,99220.6,168.476,361.388,6.1854777624772
8,2018,6.43901,0.00628587,95783.4,32.506,266.081,0.26514959609247,8.97705258064516,10.8942693345161,97322.0580645161,118.108512903226,317.242580645161,2.28380991942655,11.0662,41.9167,98530.1,174.402,350.472,4.87370886574783
8,2019,5.40884,0.002334,95744,67.4976,267.664,1.4566936684976,8.59451903225806,6.19128413870968,97161.5193548387,120.45724516129,304.941709677419,3.32239025628498,10.6588,30.7269,98737,178.983,343.659,6.0947902394176
8,2020,5.49831,-6.93889e-15,96043.5,65.7307,251.241,0.544926701648029,8.88691806451613,6.57692349548387,97713.6580645161,126.615748387097,308.246709677419,2.37641934709282,11.5119,22.7298,99180.8,175.741,356.308,5.26937228056625
8,2021,5.0337,0.00147314,95977.1,70.156,256.743,0.380910622809341,8.20419935483871,4.08601984032258,97997.1774193548,121.882609677419,305.226,2.2860161290329,12.5006,20.6337,99770.4,161.261,354.908,4.63043397994184
9,1999,7.15841,0.00147257,97134.4,97.3655,266.128,0.181199747894665,10.002817,7.53124275,98331.73,181.158416666667,308.777533333333,2.27874912290507,12.783,74.9422,99604.8,270.768,373.6,4.3233533473104
9,2000,6.72096,-6.93889e-15,96310,105.075,262.338,0.683094479978429,10.0371586666667,4.30868569966667,97516.79,179.8375,311.351266666667,2.69164095887199,13.6791,21.3547,99026.2,251.617,367.695,4.68216579559599
9,2001,7.30076,0.00112875,97455.3,99.1158,271.657,0.578404106750635,10.0422066666667,6.24035474666667,98475.2066666667,174.789526666667,310.792266666667,2.37925760727923,12.5251,53.2159,99149.1,256.274,356.928,5.82448346257417
9,2002,6.39507,0.00239543,95648.9,80.3286,260.777,1.47597886024021,10.282587,4.79416508133333,97666.22,177.888113333333,315.191566666667,3.07849931751775,12.6603,20.2054,98817.1,257.237,359.738,5.91101628575831
9,2003,7.47039,0.158977,95800.2,111.406,282.341,0.899475696888471,10.4676893333333,9.35222863333333,96808.7933333333,162.077133333333,323.638466666667,3.14524463138254,14.7267,39.4238,97991.2,204.425,359.973,6.27447852775033
9,2004,5.69633,0.00337237,96654.4,105.578,266.504,0.0528016914768836,8.83361166666667,5.051826219,97785.07,170.0857,305.878733333333,2.93434810335224,12.6239,20.7244,99813.4,229.758,352.062,5.91168479722152
9,2005,5.90281,0,94594.1,99.7468,262.96,0.62544138286893,10.628642,4.92867973333333,97787.12,160.32406,319.9236,2.36504918935962,13.2809,33.7161,99216.6,233.522,362.485,5.11404095261272
9,2006,8.2199,0,97142.8,116.406,263.072,0.3328201567769,10.7149586666667,3.59826246433333,98203.1633333333,188.414866666667,311.968733333333,2.44562282268743,13.7566,32.9959,98933.3,251.505,356.897,4.66889968747456
9,2007,5.08822,0.0441832,96227.3,89.206,270.909,0.208527722571844,9.77653866666667,6.83689131666667,98012.54,161.98952,318.340366666667,2.18431785507127,12.9364,27.4636,99357.2,238.154,355.562,5.32081246417312
9,2008,8.24615,0.00346253,96545.1,90.4939,276.01,0.283833436051961,10.381265,4.28009946866667,98016.2866666667,182.712396666667,313.691833333333,2.46750248817248,13.3305,32.1029,100089,250.742,374.334,4.4109475209415
9,2009,5.62115,-3.46945e-15,96064.7,73.5335,246.648,0.339253043778534,9.98309633333333,7.056980442,97905.5233333333,170.912673333333,314.006266666667,1.94948515811568,11.983,44.6668,99435.3,237.032,364.768,4.32832686257635
9,2010,7.19209,0.0196405,96017.9,65.516,267.135,0.772784985511494,10.3897033333333,11.45372955,97492.8133333333,154.39309,327.316533333333,3.47961654180526,13.1667,44.4818,98558.1,229.37,373.123,6.56427133297284
9,2011,6.35979,0.00168804,95795.2,111.903,255.706,0.314685123054777,8.68637466666667,2.57564072366667,97627.6266666667,186.331066666667,294.178166666667,2.4825960708969,11.0188,15.0793,99380.9,244.048,331.938,6.41875966601025
9,2012,5.34561,0.0257557,96158.3,58.6069,250.037,0.804779077688405,9.594644,7.48359072333333,97876.4566666667,157.18925,314.448533333333,3.18162212250241,12.9319,51.3053,99204.2,224.935,359.637,6.16760245325694
9,2013,6.71445,0.00731794,95748.5,67.5755,266.546,0.373008679390976,10.4451103333333,8.625882728,97522.88,163.92926,322.860533333333,3.00391362169899,13.3629,45.1517,98953.9,234.212,373.657,5.98495635354018
9,2014,6.97194,0.000880371,95999.8,96.9806,271.196,0.397650616961674,10.3674543333333,7.18443437636667,97453.6666666667,170.984163333333,319.002533333333,3.05921822266541,12.5469,39.6713,98951.9,251.152,365.2,4.9575690050669
9,2015,6.14168,0.00141212,96313.9,107.713,259.321,0.391099157763399,8.810089,7.03130452233333,97578.91,172.1143,303.186166666667,2.49191609459831,11.2197,39.5959,99244.9,228.903,341.313,4.25025206076063
9,2016,6.03686,0.0015571,96687.1,63.9026,270.345,1.14579116069422,10.487984,9.31845443333333,97694.83,126.108546666667,332.1936,2.87553224141987,12.707,30.0054,98664.7,208.692,364.326,5.08834327007485
9,2017,6.19672,0.33739,95560,80.2178,272.591,0.379453466185249,10.0241966666667,8.24563993333333,97019.9333333333,153.922726666667,317.8035,2.94031044143717,13.9942,48.7789,97934.2,227.273,359.417,5.15612249995091
9,2018,7.38998,0,96331.8,113.705,259.028,0.913326025068814,10.1449746666667,3.48702790533333,97656.5033333333,177.952533333333,306.970233333333,2.71896902997269,13.2813,16.4335,98868.7,229.413,356.566,5.28263398309063
9,2019,6.33815,0.00466801,95211.2,73.8839,272.916,0.739018503438852,9.85997466666667,7.34273014033333,97504.8333333333,159.84506,313.585466666667,2.98304467401717,13.1888,49.0024,99545.7,234.665,365.864,6.47081210314254
9,2020,6.78,0,96976.7,93.0739,250.976,0.870195379960707,10.0254363333333,3.46931127133333,98234.8,180.756463333333,312.113333333333,3.02629936539398,13.7041,22.6263,99251.8,223.851,364.768,5.49212107624877
9,2021,6.7977,0.0176776,96287.3,38.7954,281.339,0.283572723940861,9.61278566666667,8.72785334,97977.5566666667,158.33964,317.2446,2.53607730338143,12.9546,40.1975,100070,254.128,360.72,4.86112538173004
10,1999,7.68618,0.00348214,96738.5,95.7662,265.954,0.933699777128601,12.2626387096774,3.3559027316129,98293.3580645161,217.450103225806,326.850129032258,2.50885704488967,15.0242,26.2344,99164.1,300.009,374.718,5.12862274404113
10,2000,8.2474,-6.93889e-15,96509.6,98.4635,257.255,0.381820636342511,11.8148461290323,4.14068977193548,97864.8580645161,228.688887096774,317.313096774194,3.02639685138551,14.4653,23.1637,98808.6,313.828,369.783,5.56242619813513
10,2001,8.49034,0.522775,96221.9,117.824,289.606,0.704065379263012,12.7538787096774,10.4036818387097,97395.6612903226,202.917612903226,337.637838709677,2.82853808905145,15.1473,37.4322,99356.2,265.809,381.117,4.79548402865196
10,2002,6.89519,0.00220375,96445.8,174.568,255.127,1.11237437629109,10.5585903225806,3.55914381032258,97511.9774193548,245.509161290323,300.259419354839,3.34406422056241,12.8836,18.7076,99119,321.886,347.562,5.0024555632709
10,2003,6.23418,0.00135762,96083.8,96.5125,251.327,0.140595283595005,11.1370641935484,9.35429852258065,97721.0903225806,220.339790322581,320.371677419355,2.4189308173191,14.2266,47.3525,98984.3,293.298,363.875,5.15351013667229
10,2004,7.6315,0.150385,96229.7,127.626,268.32,0.620602026744999,11.8403887096774,10.8055073225806,97643.6096774194,214.380774193548,333.314032258065,2.85509159330857,15.3046,57.0213,98706.8,307.475,375.241,4.85232006660731
10,2005,9.0514,0.467274,95507.2,61.2046,296.651,0.0374910969144198,11.7161819354839,9.16831922580645,97670.1387096774,204.234212903226,329.598806451613,2.00595375163273,13.3977,45.678,99305.6,277.542,364.694,5.54396764658859
10,2006,7.59427,0,96591,118.49,259.994,1.36171610338949,11.4289529032258,4.46674106451613,97702.1709677419,227.787709677419,316.694774193548,3.45236282708936,15.3722,25.7056,98772.2,306.698,362.114,5.44177420506401
10,2007,7.20543,0,96051.3,132.529,282.728,0.923611716859417,11.4457274193548,4.50453562580645,97539.6451612903,240.454258064516,315.219709677419,3.69148355660971,14.0288,22.4662,99316,333.221,370.611,5.8005037257121
10,2008,8.63382,0.0030899,96120.6,103.598,270.369,0.748529442339445,11.630434516129,6.03043855451613,97915.4741935484,219.848225806452,323.789870967742,3.23618194181934,13.8353,23.7999,99286.2,283.045,377.558,4.89836659302874
10,2009,5.79321,0.0261572,95713.8,100.233,262.632,0.75471228504974,10.2757393548387,7.43698527419355,97306.6516129032,221.518451612903,316.718451612903,2.84622917192545,13.2384,33.7526,98256.9,293.348,366.507,4.5486414572815
10,2010,6.86013,0.0127477,96688.6,128.601,270.335,0.418107771872277,11.1932296774194,3.1137038,98315.6935483871,234.751806451613,314.908193548387,2.64297435416977,13.7055,19.2008,99465,305.251,360.304,6.96269871888767
10,2011,9.2323,0.101228,96678.1,81.5247,297.64,0.698421395013068,11.957425483871,14.7402512258065,97818.1709677419,199.410829032258,335.600451612903,2.44144870035406,15.0536,81.8082,98829.1,301.884,377.351,5.05020267763582
10,2012,7.39752,0,96213.7,165.968,266.559,0.447035587152746,11.1025477419355,3.65209413451613,97275.0419354839,237.767161290323,312.397741935484,3.3570142301001,14.0631,17.7938,98201.1,326.214,357.896,6.29586262223089
10,2013,8.92162,-1.38778e-14,95671.2,160.707,285.085,1.06670815137037,12.3448816129032,2.79776841935484,97508.6193548387,235.130870967742,321.447935483871,3.10636331760106,14.343,11.4949,98709.4,296.688,355.317,6.00289347875672
10,2014,7.32786,0.043503,96036.3,119.437,269.65,0.546648426404037,11.454004516129,3.67295787096774,97610.1967741936,221.166451612903,323.434225806452,2.93214618495865,13.7692,24.8594,98823.3,321.176,365.019,6.38459372904807
10,2015,9.0604,6.93889e-15,96680,133.204,273.811,0.290284344833975,12.1720819354839,2.19504610483871,97984.1290322581,233.687161290323,318.901322580645,2.77105757312291,14.6457,9.4145,98800.9,291.175,367.67,5.10288403559879
10,2016,8.86243,0.00151406,95929,119.16,280.643,0.840521669213828,12.1339541935484,4.56139068774194,97391.4516129032,228.490967741935,325.403258064516,2.96101777018642,15.2892,9.53709,98237.3,312.579,368.113,4.59929465535749
10,2017,9.19268,0.00129983,95926.6,74.6971,280.372,0.722868269925441,11.9555341935484,8.07468514290323,97811.835483871,204.40264516129,326.46335483871,3.09353957787671,13.836,47.315,99104.5,286.78,366.468,4.93498091916271
10,2018,7.71252,0,95572.6,141.309,266.284,0.717035441503417,12.206424516129,3.52275545354839,98007.5677419355,241.007,318.865709677419,2.15066084405149,15.2915,17.363,99177.3,317.885,363.748,3.94349440496624
10,2019,7.48333,0.0117155,95658.3,108.811,275.979,0.543427714899599,11.5573819354839,5.4798866,97457.9580645161,213.16764516129,319.352258064516,3.20144792027114,15.0104,27.911,98469.3,314.787,363.451,5.84064306421819
10,2020,7.55986,0.0126287,97615.2,106.925,281.832,0.449095726297646,12.7467048387097,3.03209385806452,98663.1322580645,196.359967741935,337.870193548387,1.98079667504509,15.2384,14.4936,99624.2,285.396,375.828,3.96421847107346
10,2021,9.13491,0.00227623,96492.4,96.6306,275.818,0.596567511375075,12.3003867741935,9.07934086645161,98017.4225806452,208.472083870968,336.955451612903,2.524804036221,15.2615,48.23,99425.8,291.407,381.389,4.60188482028831
11,1999,10.1167,0.019751,95550.3,57.312,286.282,1.06017812941977,13.64993,18.8339665,97538.2633333333,227.929793333333,340.5657,2.89671785109706,16.3564,70.3827,98585,353.877,389.13,6.20669837079264
11,2000,9.89957,0.00115028,96127.2,79.6974,279.643,0.530503375320082,12.1219253333333,6.212399018,97265.61,258.081413333333,320.232033333333,3.14685653728066,14.4182,39.4591,98389.2,343.496,373.164,6.88214299653821
11,2001,10.1002,0.237207,96036,72.5659,286.278,0.403182552679304,13.5458433333333,8.11833253333333,97748.2733333333,217.867463333333,340.739533333333,2.67072170763276,16.4448,25.6203,98829,285.662,393.479,5.24041943512158
11,2002,8.42543,0.00191926,96414.7,215.363,275.168,0.393661664610615,12.6320896666667,2.44787307633333,97433.4333333333,281.495066666667,318.4307,3.02455662999466,16.4046,11.9954,98310.5,355.797,362.823,5.69311626334725
11,2003,9.47617,0.00595293,95926.3,115.516,278.787,0.562339066803259,12.929851,4.98855016433333,97553.25,264.383566666667,323.280166666667,2.91273474186344,16.4011,35.5529,98845.4,355.833,384.271,5.08721902198048
11,2004,9.13252,0.0535662,95948.3,181.122,287.267,0.270439153712993,13.4088206666667,4.96583776333333,97707.9333333333,253.5897,332.4759,2.69793719477158,15.9603,25.4458,99231,324.669,367.558,6.58589048376907
11,2005,8.39525,0.0263991,96902.2,114.621,288.739,0.698623312153982,13.3524883333333,3.05975148,97653.4233333333,269.692633333333,323.046433333333,2.86451481909642,16.3526,10.461,98390.9,338.11,363.659,6.34507679721057
11,2006,7.74334,0.00402309,96083.1,141.818,290.446,0.684840814748946,13.5364813333333,4.67678279633333,97703.5966666667,261.5277,331.3367,3.61835734134859,16.3203,18.5223,99324.3,339.156,386.55,5.07401208877157
11,2007,10.7909,0.00383875,96057.4,145.516,284.858,0.870246466746634,13.96453,2.32273379166667,97741.7066666667,290.434466666667,324.459033333333,2.02985280562172,18.5701,17.1285,98703.3,373.996,381.264,5.31398562994256
11,2008,9.3388,0.00619321,96093.5,183.64,285.325,0.233355502944092,13.6307143333333,4.14134866066667,97746.1933333333,276.711333333333,329.429,2.33771284873195,17.0075,33.5775,98869.6,345.437,381.893,5.29210596095959
11,2009,10.5258,0.00120434,96603.2,132.188,297.311,0.316859074222279,13.9639766666667,2.273411685,97450.6933333333,264.9752,333.657933333333,2.92241495532689,18.7116,13.7866,98673.2,370.179,382.192,4.59686223981576
11,2010,10.0532,0.0233708,97014.2,183.259,293.225,0.0875591436244668,14.19525,3.09772873333333,98216.9533333333,263.969666666667,338.846666666667,1.82354158172616,17.5859,12.9825,99173.2,355.285,379.629,3.94631073863792
11,2011,9.86061,0.0111903,96534.7,210.208,285.959,0.452930784814899,13.6083536666667,3.58859652,97546.6333333333,290.403433333333,325.929066666667,3.35900598277819,17.0795,43.673,99371.5,365.165,380.273,6.28125666561238
11,2012,9.39819,0.0011247,96759.2,169.432,277.39,0.390583169546513,12.8747563333333,2.07889215666667,97616.2166666667,289.555066666667,310.7963,2.44611482938344,16.8445,10.8871,98637.5,363.734,344.077,4.41339868038227
11,2013,11.4272,0.00216843,96131.3,191.075,284.378,0.267721735727602,14.6289466666667,7.87508610166667,97605.0633333333,283.0969,330.895166666667,2.25999944760116,17.7743,39.5348,98675.3,357.252,376.034,4.74234559738111
11,2014,8.81199,0.0690099,95824.1,155.822,282.962,0.611579539356902,12.8516203333333,3.15515859666667,97390.0866666667,266.685733333333,323.066466666667,3.43486982139648,18.1502,9.41887,98353.6,344.066,376.811,6.44213172731791
11,2015,8.91242,0.00156098,96521.2,151.488,275.795,0.485751468005852,13.6435666666667,5.27579897,97779.0733333333,277.247,330.703333333333,2.71570496527288,17.5166,19.1267,99139.4,372.617,384.867,4.90980608440904
11,2016,10.7937,0.00197159,95811.1,121.744,289.867,1.27797516789686,13.8759066666667,7.911114474,97093.9366666667,269.7266,329.7601,3.63753649568519,16.8107,39.3746,98359.4,368.013,380.125,5.58110971361431
11,2017,10.6927,0.00148073,96937.6,121.374,282.156,0.727629389841621,13.8031333333333,4.29733426766667,98203.79,248.020366666667,340.9779,2.34615058787531,16.7934,16.2688,99003.3,329.057,384.191,5.6083856730792
11,2018,10.0527,0.00565881,96082.3,154.663,289.142,0.80593248209636,14.0116866666667,5.525069097,97477.52,249.4152,339.405466666667,2.3370646818976,16.3901,34.8243,98957.8,325.004,381.651,5.46496228166307
11,2019,10.9956,0,96069.1,169.54,297.914,0.493563018428245,15.7607833333333,4.21139582666667,97652.4833333333,286.9078,332.8482,2.41515916866007,19.2583,26.9591,98316.5,361.467,368.437,4.86276870537763
11,2020,12.357,0.0145904,96383.9,130.725,302.622,0.189073858238652,14.7043433333333,11.2382356133333,97649.0033333333,266.932133333333,338.907233333333,2.4144463336052,16.6857,43.9399,99041,370.442,379.89,4.32649423797941
11,2021,11.5154,0,96644.2,124.618,315.677,0.551808529510047,15.6817333333333,3.14411483333333,98031.35,256.811466666667,346.078266666667,2.19320951277242,18.1913,12.3615,98631,354.738,405.328,7.11386287402983
12,1999,11.1934,0.0202473,96047.4,164.595,293.454,0.177258655996372,14.6900741935484,5.4894869,97578.1709677419,266.505838709677,337.222741935484,2.45672967809749,17.7098,19.1326,98315.6,343.877,372.818,5.67518750348392
12,2000,12.5088,0.0445096,96608,138.073,305.522,0.17300644634432,15.8622870967742,5.71670692258065,97586.6935483871,250.279258064516,355.936129032258,2.51295234103449,19.7954,23.3442,98458.6,372.562,402.558,5.5676301227093
12,2001,14.1266,0,96044.7,116.009,304.475,0.406895831948424,16.191764516129,12.2905466967742,97157.764516129,240.960677419355,359.273258064516,3.03884775156662,17.808,54.046,98624.8,381.485,400.484,5.63289637913747
12,2002,13.7547,0.0025515,96528.6,138.082,297.602,0.122646226552471,15.5917032258065,6.67445874935484,97686.2193548387,293.582290322581,338.966258064516,2.71283614829992,17.5561,28.3829,98625.4,368.041,381.628,5.46399594701533
12,2003,13.2997,0.00172594,96541.3,125.05,293.444,0.408992776413741,16.2851677419355,6.98227089483871,97779.0451612903,280.549064516129,352.802322580645,2.41418940026518,19.0306,35.7338,98666.1,381.218,390.814,4.84666285941461
12,2004,9.57256,0.0606712,95694.9,145.676,279.662,1.15651584895712,13.3048922580645,10.8835996516129,96879.564516129,267.353225806452,330.456903225806,3.67329813854667,16.1356,66.1993,98150.7,356.567,383.158,6.60446881806554
12,2005,14.5065,0.0198931,95969.1,173.756,308.398,0.927811332485759,16.5366387096774,8.2572596,97371.1129032258,268.362193548387,353.258161290323,2.88373239079463,19.6511,32.9573,98361,345.797,381.063,4.98385967484037
12,2006,10.1592,0.00435139,96734.7,126.425,284.653,0.143673613995194,14.1054935483871,4.63856143774194,97591.5580645161,303.943967741935,322.417709677419,2.75020427971513,17.2735,36.3863,98264.2,375.169,382.029,4.674770927714
12,2007,12.6858,0.0122177,96978.7,109.777,298.805,0.583796863565573,15.8325935483871,6.08007292903226,98128.2677419355,251.88,352.920967741935,2.59887416119669,17.7142,27.2577,98928.6,383.546,391.907,4.94839625374727
12,2008,14.5236,0.00470053,96099.9,196.783,308.295,0.223176491063105,16.2524258064516,4.93762298064516,97391.0451612903,288.836290322581,348.011290322581,2.53710170970791,19.3046,21.2347,98638.6,353.345,397.161,4.71502221680874
12,2009,12.0612,0,97093.6,127.185,296.931,0.490238418533024,15.9034806451613,5.77148803032258,97850.8322580645,296.254419354839,338.713258064516,2.59003697531728,19.0726,55.7644,98765.6,384.234,393.469,4.60443658600051
12,2010,12.6502,0.00292072,97227.1,87.0084,310.082,0.514650458159711,17.1001193548387,7.65522805032258,97901.7290322581,262.53675483871,359.563290322581,2.59954067670825,19.9009,58.4524,98435.7,376.88,406.264,5.11558712863196
12,2011,11.9232,0.418981,96618.7,84.5656,318.391,1.07569094812404,14.8450806451613,14.3777645483871,97924.2709677419,210.655567741935,359.820709677419,2.82615393374955,17.4593,74.1748,99096.8,319.96,402.507,5.30535088408863
12,2012,12.2065,0.00195443,96716.2,155.4,301.357,0.895799795427527,16.9322161290323,4.88267201354839,97842.4774193548,263.978483870968,360.92935483871,2.44106457475977,19.9958,13.0556,98591.5,378.964,401.658,4.93096225515304
12,2013,13.9797,0.00123965,96797.5,109.953,301.225,0.705694738645266,16.2605677419355,8.2229737516129,97529.8612903226,284.22264516129,343.398935483871,2.41019683907054,18.3392,46.5724,98512.4,390.699,386.029,4.34586412719036
12,2014,10.1689,0.206507,97183.1,129.327,274.747,0.406374707012887,15.558064516129,7.83479067741936,98075.9193548387,261.234032258065,352.621709677419,2.46010542692309,17.8976,40.8632,98867.4,372.427,397.103,4.97039371096496
12,2015,12.796,0,96457.3,152.366,297.094,0.348200490930671,16.0834,1.78014537741935,97687.4483870968,300.834,335.391419354839,2.65890923287477,19.4275,14.1332,99179.1,382.154,369.574,4.69465679053326
12,2016,13.0078,0.00927117,96654.1,136.641,295.529,0.480970249377235,15.5944612903226,3.1263954183871,97620.0774193548,293.845032258065,336.549258064516,2.70589128952246,17.6345,11.4462,98421.6,385.664,381.355,5.1026278424063
12,2017,13.1512,0.0277201,96753.6,167.243,312.937,0.527608058704565,17.3114419354839,2.57592238387097,97720.1451612903,294.191129032258,349.994064516129,2.16652152574194,19.4153,8.07927,99067.7,385.785,383.824,4.31023728786479
12,2018,11.9551,0.00326723,96328.3,118.258,288.19,0.317297962793649,16.7349258064516,10.2269714783871,97569.4290322581,272.906741935484,354.507322580645,2.09378755063163,19.9994,60.7715,98773.2,370.17,385.434,4.3984264951571
12,2019,13.2155,0.0123264,96111.8,181.56,300.458,0.292052083158124,16.5826612903226,7.56539698387097,97477.3709677419,294.600129032258,347.142677419355,2.76359387848751,18.6159,32.5565,98091.5,388.442,383.658,5.15840693370783
12,2020,12.1711,0.00135239,96706.1,194.657,293.238,0.544271572516882,16.3570580645161,2.5245323983871,97860.9774193548,315.609483870968,335.882838709677,2.51892384234172,19.4888,14.5328,98670.6,392.121,391.699,4.45715021363427
12,2021,15.6515,1.38778e-14,95991.2,84.3174,296.752,0.397772833888892,18.2843633333333,7.026071791,97801.83,280.39112,358.522366666667,2.26757808427442,21.4143,49.6178,98767.9,383.485,401.876,4.79699591370474
